Country Name,Country Code,2000,2001,2002,2003,2004,2005,2006,2007,2008,2009,2010,2011,2012,2013,2014,2015,2016,2017,2018,2019,2020,2021,2022,2023
Afghanistan,AFG,0,0,0,0,0,0,0,0,0,0,0,0,0,0,0,0,0,0,0,4.448878,0,0,0,0
Albania,ALB,0,0,0,0,0,0,0,5.054846,10.451957,49.026748,59.833573,80.701835,49.703905,41.590309,184.459758,33.075966,35.900042,298.423931,325.062378,123.363568,232.357652,141.772735,168.740926,145.702297
Algeria,DZA,68.385327,220.893894,206.062641,242.717058,64.558477,50.401538,9.509504,1.629238,2.933068,0,0,0,0,0,0,0,0,0,0,0,0,0,0,0
Angola,AGO,0,0.344426,0.184773,0,0,0,0,0,0,0,0,0,0,0,650.156899,0,464.738464,149.672847,19.025329,475.395741,42.440036,634.650648,446.433804,495.558557
Antigua and Barbuda,ATG,0,0,0,0,0,0,0,0,0,0,0,0,0,0,0,0,0,0,0,0.005562,1.90276,0.041046,0,0
Argentina,ARG,692.05982,321.364849,293.413699,245.538464,329.688438,303.568283,248.494736,138.071925,199.514959,998.700609,1519.722236,1234.950259,1000.588453,1162.545602,1220.996224,911.713774,1073.164247,1157.281684,832.077843,584.056919,996.644894,854.136339,1083.870358,898.381699
Armenia,ARM,0,0,0,0,0,0,0,0,0,97.426484,182.234998,127.799742,121.197453,114.020082,128.469417,144.283966,242.810434,246.154531,199.73959,251.173673,154.26572,202.669775,182.874125,102.277901
Azerbaijan,AZE,0,0,0,0,0,0,6.45237,17.274721,58.917691,218.812691,275.964019,370.731846,590.373922,441.24904,807.449789,674.473699,1132.880732,756.072558,966.566934,534.131014,294.74974,284.333832,114.752879,138.166216
Bangladesh,BGD,0,0,0,0,0,0,0,0,0,0,158.674273,130.486647,269.912229,283.993205,209.025404,359.211595,545.104183,512.331522,624.290425,977.029364,748.452728,907.18891,1053.605318,1106.691134
Barbados,BRB,0,0,0,0,0,0,0,0,0,0.168117,50.948327,0,0,0,0,0,0,0,0,0,0,0,0,0
Belarus,BLR,0,0,0,0,0,8.451037,6.227406,8.269572,17.421139,133.695022,70.334553,39.768956,303.514972,356.978113,331.310384,105.840567,192.096227,298.69802,343.690722,335.731207,340.493493,117.993826,30.932733,0
Belize,BLZ,1.531808,7.733327,5.862083,1.762011,1.648078,0.862882,0.028354,0,0,5.144285,5.934257,2.793968,13.100928,8.995883,5.977543,5.18842,3.610286,8.027816,15.206074,14.017128,25.236535,17.872276,9.646786,4.86548
Benin,BEN,0,0,0,0,0,0,0,0,0,0,0,0,0,0,0,0,0,0,0,0,3.794799,8.614238,43.446613,132.498386
Bhutan,BTN,0,0,0,0,0,0,0,0,0,0,22.94905,15.550258,6.275577,0.909768,0,0.04435,10.951643,3.406703,7.296092,9.421686,9.985039,9.137064,13.094538,10.759575
Bolivia,BOL,0,0,0,0,0.171516,0,0,0,0,12.446722,3.275301,0,4.747189,3.747327,12.595051,29.00107,0.482817,0.597396,26.59626,170.829111,49.001908,124.406758,81.719882,75.46489
Bosnia and Herzegovina,BIH,0,0,0,0,0,0,0,0,0,224.19171,168.233552,182.169365,240.517983,293.275962,211.99213,219.953028,130.766386,46.576491,110.359293,200.581459,331.17805,265.606802,249.230191,150.539385
Botswana,BWA,0,0,0,7.797561,1.926283,0,0,0,0,1076.256464,2.921923,83.323654,54.421485,15.469843,22.14465,6.549065,34.052934,5.158747,33.522261,13.90052,74.350696,243.045695,64.121715,39.23315
Brazil,BRA,605.34086,1030.241683,1666.767551,379.950287,1109.40992,333.878176,420.060085,307.598767,707.703934,2510.390911,3637.31208,1534.188279,1306.044814,1582.034144,1978.666115,2004.369705,1531.267682,2090.021908,1689.067269,1052.40735,1498.815943,635.064284,881.614301,1256.829172
Burkina Faso,BFA,0,0,0,0,0,0,0,0,0,0,0,0,0,0,0,3.218312,0,25.036542,25.083413,0,31.718442,43.81286,48.468378,64.442214
Cabo Verde,CPV,0,0,0,0,0,0,0,0,0,31.823443,0,19.838792,1.889782,18.794172,24.436928,10.74333,7.187524,11.784378,18.059782,13.316823,9.510832,13.627684,12.857698,6.004457
Cambodia,KHM,0,0,0,0,0,0,0,0,0,0,0,0,0,0,0,0,0,3.704244,0,44.488778,0,0,15.150426,10.46287
Cameroon,CMR,0,38.057472,1.664951,48.082546,6.133193,0,0,35.664262,0,46.514321,8.040206,32.293347,28.802949,9.888986,0,13.819509,0.538811,94.506688,82.869746,107.054518,115.250178,152.452199,186.859121,195.30107
Central African Republic,CAF,0,0,0,0,0,0,0,0,0,0,0,0,0,0,0,0,0,0,0,0,0,0,0,0
Chad,TCD,0,14.444251,0.426101,29.592321,7.519678,0.66264,0,0,0,0,0,0,0,0,0,0,0,0,0,0,0,0,0,0
Chile,CHL,36.87739,12.699758,10.159486,1.597374,1.780908,4.883543,39.358004,4.994627,38.229541,19.848994,31.411315,34.827073,65.654294,227.993746,84.365479,58.323773,16.932728,119.889318,0,0,0,0,0,0
China,CHN,2102.633388,2207.73147,2630.787534,1902.232098,1331.019361,1163.463527,1236.808634,1253.077188,1610.56791,1269.716878,2462.907129,2351.183166,2133.44058,2155.040443,2590.33262,2715.171048,3332.690845,3241.422229,3418.583191,3308.186543,2511.548135,2636.10639,2102.926783,1617.634901
Colombia,COL,184.23949,207.736735,62.860049,194.113182,132.510766,507.162296,558.088032,250.31385,488.036808,920.140667,284.481729,582.8307,274.47683,228.735921,807.104748,1580.935904,2231.71645,1149.016144,1060.678089,1533.854244,1301.468231,1475.989036,1441.620154,141.66279
"Congo, Rep.",COG,0,0,-0.004955,0,0,0,0,0,0,0,0,0,0,0,0,0.064797,1.708048,34.381372,42.30335,76.64775,30.211474,33.553517,35.327726,18.001007
Costa Rica,CRI,2.920271,9.450878,14.949193,7.689328,9.540503,5.723019,5.303227,0,0,31.998029,234.972466,174.993005,136.691994,178.144466,424.82435,301.658117,88.50363,110.559703,145.207207,143.80353,87.440318,110.199927,224.019255,99.262157
Croatia,HRV,71.237739,103.974184,95.458213,97.361708,77.995672,71.947134,143.80102,86.963679,173.151072,469.994321,592.945893,0,0,0,0,0,0,0,0,0,0,0,0,0
Cote d'Ivoire,CIV,0,0.551771,7.232271,0.588944,0,0,0,0,0,0,0,0,8.117952,33.972688,93.387029,103.63957,13.027765,71.006542,105.657008,196.781257,391.119013,318.75894,431.771236,358.393148
"Congo, Dem. Rep.",COD,0,0,0,0,0,0,0,0,0,0,0,0,0,0,0,54.647554,14.811245,0,0,8.375348,0,0,8.167165,0
Djibouti,DJI,0,0,0,0,0,0,0,0,0,86.008368,0,0,0,0,0,0,0,0,0,0,0,0,0,0
Dominica,DMA,0,0,0.786122,0.32953,0,0.315819,0,0,0,0,0,0,0,0,0,0,0,0,0,0,0,41.662559,0,0
Dominican Republic,DOM,37.943855,49.86082,64.731926,33.188942,13.663916,6.584838,64.525399,56.803786,2.01418,107.793589,170.025184,311.021107,46.898849,44.191965,87.253736,340.369386,35.799155,65.759941,366.785754,523.924888,326.76366,17.573339,122.04685,297.947391
Ecuador,ECU,33.133252,82.744225,16.845483,46.43747,14.096911,21.051679,9.995884,6.864494,4.943333,45.349114,122.346578,227.805299,226.96398,164.259109,153.527362,1523.820163,351.47969,428.948259,504.283904,588.259292,885.633887,231.457213,1314.841167,688.874691
"Egypt, Arab Rep.",EGY,9.393747,113.592906,118.081823,284.307223,67.898943,108.921431,115.940047,1172.99885,202.525241,944.869007,934.177668,436.255562,706.245525,670.542324,959.437194,1333.913728,1765.206443,1640.939168,2314.261582,1691.752374,1453.341801,1280.49074,1030.07306,1381.596773
El Salvador,SLV,17.391764,21.948027,14.460201,-0.476616,0.343676,30.918236,1.451842,1.538714,0.975849,189.975698,32.826387,103.031524,27.518218,150.980225,38.552482,108.386021,68.304648,44.870238,20.446618,28.285893,13.495181,84.443839,137.281038,65.573195
Equatorial Guinea,GNQ,0,0,0,0,0,0,0,0,0,0,0,0,0,0,0,0,0,0,0,0,0.935434,2.176145,1.341964,7.56489
Eswatini,SWZ,0.930379,28.652143,4.793309,10.397343,32.413325,38.17072,22.237428,9.650126,1.018511,6.997838,4.67456,2.342029,0.217338,0,0,0.799181,6.222156,22.441075,28.313397,38.719938,32.27988,33.254439,92.584198,30.35207
Ethiopia,ETH,0,0.498141,0,0,0,0,0,0,0,0,0,96.654596,0,0,0,0,0.47186,185.636338,8.00295,9.300693,41.237835,24.196992,51.419089,68.701744
Fiji,FJI,1.438577,0,0,0,0,0,0,0,0,0,18.224457,22.030998,19.110238,15.40047,9.962056,1.144142,1.083007,6.450158,14.041866,17.184171,149.687992,76.018456,72.40347,33.656871
Gabon,GAB,3.605143,2.240919,5.811853,5.664238,12.039912,0.189505,1.267041,1.735758,27.071827,74.111635,41.553163,99.543769,70.247384,42.04253,65.573267,23.085822,23.214034,77.78011,49.910168,119.202573,18.140554,27.936391,33.818381,35.201327
"Gambia, The",GMB,0,0,0,0,0,0,0,0,0,0,0,0,0,0,0,0,0,0,0,0,0,0,0,0
Georgia,GEO,0,0,0,0,0,0,0,0,0,276.327118,169.428115,249.203535,120.272092,51.836159,151.042401,325.358003,629.450549,346.449645,297.544676,343.938188,374.568674,992.868272,540.202842,605.767257
Ghana,GHA,0,0,0,6.724588,11.394215,0,0,0,0,42.979284,0,14.77263,3.851661,27.981119,14.033254,1.746225,17.412501,89.568613,48.843547,5.542304,23.166652,12.757801,0,0
Grenada,GRD,0,0.040896,0.579218,1.431409,0.864211,1.319433,0.071353,-0.012449,0.063054,0,2.000919,0.034724,0.135793,0,0,4.03179,0,0.015729,0.109467,0.230196,0.824735,0.268164,2.318935,1.05526
Guatemala,GTM,28.617448,29.417588,84.223144,13.727354,65.845614,8.786259,126.346415,69.867217,52.212028,226.226857,126.254702,52.090505,19.882009,214.894679,25.127492,101.924975,7.539513,3.790369,282.712892,2.857466,0,1.954092,151.920732,41.075
Guinea,GIN,0,0,0,0,0,0,0,0,0,0,0,0,0,0,0,0,0,0,0,105.688277,0,0,0,0
Guinea-Bissau,GNB,0,0,0,0,0,0,0,0,0,0,0,0,0,0,0,0,0,0,0,0,0,0,0,0
Guyana,GUY,0,0,0,0,0,0,0,0,0,3.498754,0.023251,0.01056,0.02964,0,1.040913,0,0,5.328578,1.996208,2.724938,0,0,0,0
Haiti,HTI,0,0,0,0,0,0,0,0,0,0,0,0,2.109862,1.040924,0,3.455819,0,0,0.54695,0,0,0,0,0
Honduras,HND,0,0,0,0,0,0,0,0,0,13.237541,0,30.907315,10.549308,57.250819,28.104659,99.757969,2.793033,0,0.929815,0,0,0.506214,0,0
India,IND,866.923969,821.532715,1083.51943,871.242053,990.681061,1015.335029,1026.544975,1009.559906,1016.7829,1401.400281,4823.726292,1789.885223,1797.53856,1828.512337,2146.907146,2505.585384,3341.475475,3474.144448,3892.133479,5170.949245,4526.243822,3343.55456,3444.683261,5429.508859
Indonesia,IDN,667.952314,592.402585,373.266517,209.731445,367.180553,352.956024,341.004843,371.584918,838.100991,723.519833,795.623869,497.510188,1378.745992,1134.964926,818.118435,2361.225107,2153.429494,2128.266014,2427.221207,1517.730957,1410.876025,1897.858477,1464.883484,3236.988956
"Iran, Islamic Rep.",IRN,138.156048,78.353112,16.062267,14.432286,21.164925,37.637296,137.966352,182.470202,134.560128,120.457676,99.978663,38.940958,11.377706,4.408188,0,0,0,0,0,0,0,0,0,0
Iraq,IRQ,0,0,0,0,0,0,0,0,0,0,98.259055,0,0,0,0,837.568675,59.795305,110.843237,133.705348,104.47856,99.01213,78.508277,114.018146,116.15939
Jamaica,JAM,108.725745,16.915669,92.889182,0.635532,0.807747,1.931493,2.294523,1.633372,2.933787,157.769914,86.113396,88.560366,58.956728,174.030747,107.267341,73.59851,180.136429,49.158176,35.287416,44.6397,30.09723,93.362128,16.29903,17.500723
Jordan,JOR,30.658037,54.861919,38.810156,21.521112,12.580476,14.521817,6.701033,15.817249,12.559428,181.962757,22.794809,11.314895,85.470267,52.629306,48.310758,420.012152,464.071253,219.218743,487.835147,689.16618,213.840576,86.886721,86.788434,170.639331
Kazakhstan,KAZ,64.335336,158.81547,135.383845,95.005857,71.248285,41.848593,33.334213,74.379256,68.631237,304.614009,1283.706031,1333.847827,898.979687,974.900289,1383.138496,960.229812,1721.13327,640.063984,536.015684,995.660716,500.605888,478.626821,843.526641,552.958258
Kenya,KEN,0,0,0,0,6.289292,2.406286,0,0,0,0,0,0,21.772224,16.751361,2.131547,134.164334,175.279457,84.621134,223.17766,232.533329,477.11761,196.619894,342.13527,445.370862
Kosovo,XKX,0,0,0,0,0,0,0,0,0,0,0,0,0.949167,8.775713,4.971856,10.414097,32.345702,20.582709,43.212457,67.354157,44.834853,44.073235,63.075055,35.549774
Kyrgyz Republic,KGZ,0,0,0,0,0,0,0,0,0,21.329438,23.572529,62.525687,90.188654,107.974892,31.388327,27.885125,112.783854,19.652211,34.668343,46.481805,14.655683,13.97387,20.637701,40.319652
Lao PDR,LAO,0,0,0,0,0,0,0,0,0,0,0.166178,0.083665,0,0,0,0,6.599171,33.779769,27.78505,21.799501,0,3.00E-06,0,51.753
Lebanon,LBN,46.512762,51.985099,67.320223,45.543862,39.98784,26.521686,28.18396,119.357405,30.81095,19.719307,22.124921,30.972653,13.140314,14.800313,7.664611,44.433803,63.772592,135.945803,247.229457,162.582062,30.146462,34.076549,69.081303,157.17747
Lesotho,LSO,14.806868,5.101288,5.324728,3.565966,1.565474,0.082818,0,-1.357358,0,0,0,0,0,0,0,0,0,0,0,0,0,0,0,0
Liberia,LBR,0,0,0,0,0,0,0,0,0,0,0,0,0,0,0,0,0,0,0,0,0,4.648001,10.384686,13.2242
Madagascar,MDG,0,0,0,0,0,0,0,4.652118,84.853813,40.519423,17.601881,20.469175,0,0,0,0,0,0,0,0,0,3.988124,2.944665,9.23082
Malawi,MWI,0,0,0,0,0,0,0,0,0,0,0,0,0,0,0,0,0,0,0,0,0,0,0,0
Malaysia,MYS,0,0,0,0,0,0,0,0,0,0,0,0,0,0,0,0,0,0,0,0,0,0,0,0
Maldives,MDV,0,0,0,0,0,0,0,0,0,0,0,0,0,0,0,0,0,0,0,0,0,0,5.716739,14.636455
Mali,MLI,0,0,0,0,0,0,0,0,0,0,0,0,0,0,0,8.948486,0,19.686154,0,0,7.017812,2.646799,9.16684,25.77649
Mauritania,MRT,0,0,9.599251,25.738039,15.265666,0.617604,0,0,0,14.102208,25.439618,24.494173,74.023297,59.527299,0,0,4.179122,15.883069,0,11.116241,0,0,10.966604,0
Mauritius,MUS,5.458535,5.85406,77.44039,-0.444919,3.008836,4.075395,4.809459,19.261329,6.422341,33.630382,7.127981,36.840415,33.41785,71.705377,18.950278,46.280395,110.790375,60.693961,43.143105,111.13347,0,0,0,145.721929
Mexico,MEX,1313.212349,362.219628,768.705092,1102.119511,389.159723,651.80708,888.285656,211.701,717.414665,3725.226359,1608.533658,1681.651573,929.408197,1203.445532,815.447658,765.197073,738.032376,825.566699,876.631772,799.519567,679.935898,379.102085,699.306465,347.95243
Moldova,MDA,8.564278,3.148476,0.881091,0,0,0,0,0,0,15.386593,91.391905,45.814841,35.061224,84.961202,67.349207,51.30745,96.224676,40.91869,54.790582,67.678914,146.663971,103.797795,425.736799,302.41781
Mongolia,MNG,0,0,0,0,0,0,0,0,0,24.503824,184.791341,33.121336,195.750034,125.141037,32.045156,161.520234,654.94659,257.595112,247.165707,272.806979,146.23461,107.009152,150.538676,255.49521
Montenegro,MNE,0,0,0,0,0,0,0,0,0,30.951183,25.757823,64.854489,148.297696,54.191428,55.873347,54.871917,97.048318,64.282487,70.508348,61.459114,92.817084,50.563361,53.433703,24.003161
Morocco,MAR,132.890983,216.070342,58.69366,262.959479,254.435385,235.648346,418.482229,399.559661,377.997333,736.561569,347.363246,879.923552,575.472233,1198.610528,835.556096,899.088755,1166.980871,1405.354323,760.54345,1544.052058,1494.102553,1000.951257,1189.759044,858.300252
Mozambique,MOZ,0,2.24504,0,0,0,15.723221,23.850762,8.456828,0,0,0,0,0,0,0,8.386719,2.66453,0,0,0,0,0,0,0
Myanmar,MMR,0,0,0,0,0,0,0,0,0,0,0,0,0,0,0,0,80.85213,43.288258,39.882047,169.196382,380.014135,0,0,0
Namibia,NAM,0,8.939657,0.271254,28.003815,19.472163,22.016794,30.061793,22.862389,12.981787,0.80568,0,0,3.062225,4.380219,61.71683,71.395823,234.932311,432.154848,38.223698,23.134873,65.881057,30.391887,42.50388,38.590185
Nepal,NPL,0,0,0,0,0,0,0,0,0,0,0,0,0,0,0,0,0,0,0,0,0.43131,0,0.693871,0
Nicaragua,NIC,0,0,0,0,0,0,0,0,0,2.785502,8.734138,18.729833,13.576959,10.40924,4.199901,0.558691,0,0,0.711035,1.230559,7.763005,15.76654,4.335588,0.20107
Niger,NER,0,0,0,0,15.887184,0,0,0,0,0,0,0,0,9.776858,4.049761,0,3.805554,0,0,0,0,4.208217,6.402694,6.34845
Nigeria,NGA,38.296038,71.381897,49.654125,157.327546,84.390915,13.229399,9.343309,2.669255,0,199.27689,109.616322,94.981944,0,167.802212,405.35145,357.048178,230.804816,634.915322,487.34718,542.058271,118.677571,220.147505,258.57327,234.760689
North Macedonia,MKD,17.686418,13.36485,23.809543,32.657914,36.766904,17.033225,7.388339,27.158346,33.501417,50.497926,62.974053,61.776065,63.955849,106.024805,217.125706,78.681504,96.524535,42.136635,29.254873,91.972908,207.62788,142.941639,140.414596,266.127367
Oman,OMN,0,0,0,0,0,0,0,0,0,0,0,0,0,0,0,0,0,0,0,0,0,0,0,0
Pakistan,PAK,223.122036,103.231152,50.527156,37.288806,1.219009,268.378614,185.323526,195.290555,57.306867,98.149238,336.332164,508.087118,409.852475,498.632405,452.434859,485.752112,829.800189,1229.632015,607.71785,731.357792,680.211765,806.802038,416.567036,613.791986
Palau,PLW,0,0,0,0,0,0,0,0,0,0,0,6.593561,0,0,0.241802,0.668113,8.021981,11.901848,10.616559,4.614132,4.532532,3.038033,1.623578,0.548778
Panama,PAN,9.856778,14.829373,24.005312,5.182253,2.994617,0.181021,1.313796,0.898911,35.593923,293.611266,80.362633,95.905124,159.864233,373.978827,430.435791,368.913846,320.361949,565.76525,291.322197,227.1722,507.958143,397.528175,396.125437,348.92681
Papua New Guinea,PNG,19.060632,30.557321,7.989712,5.085244,8.037185,20.039111,20.9887,12.143161,4.126823,1.816419,20.01475,10.652003,31.371366,88.444186,63.700336,70.13976,87.85282,74.903465,114.022624,147.160354,387.22566,310.924077,368.615391,80.967527
Paraguay,PRY,41.750901,31.430676,11.132162,14.292123,14.267677,13.573278,26.43601,1.486697,2.6977,113.798048,127.417858,86.583534,76.630865,108.422217,218.323707,180.060336,141.727694,139.66664,245.778482,260.807266,314.364276,184.302243,236.565567,386.271851
Peru,PER,157.655744,54.081872,52.44316,106.160235,114.505654,95.753894,29.286611,93.564949,94.64958,662.346296,524.536503,234.869331,150.419548,214.244992,333.111099,451.989297,250.390375,185.86819,271.22277,423.698506,603.972076,965.177694,233.530545,932.462894
Philippines,PHL,157.76634,142.157777,174.665614,154.997243,88.662494,100.02136,85.115344,155.443762,76.645417,54.184198,68.148372,811.851979,70.541001,137.768101,88.212649,674.800351,563.62107,232.584559,461.794135,739.014285,2018.376665,1093.225834,1431.974964,2568.539719
Rwanda,RWA,0,0,0,0,0,0,0,0,0,0,0,8.181712,13.293837,17.561324,6.178094,5.456566,14.542253,9.710545,92.667383,163.897858,50.091642,26.902138,93.613609,87.61387
Samoa,WSM,0,0,0,0,0,0,0,0,0,0,0,0,0,0,0,0,0,2.279535,0,0,0,0,0,0
Senegal,SEN,0,0,0,0,0,0,0,6.6638,4.396942,0,0,30.084243,54.318459,32.51022,16.705294,48.096347,26.076967,67.806075,103.789593,106.411538,121.622069,160.159042,192.012896,322.731147
Serbia,SRB,0,0,0,0,0,0,0,0,0,190.918476,520.877225,570.333214,319.570808,348.640684,425.735378,593.551406,723.365674,367.174196,499.885378,699.334993,810.918377,470.16412,542.560985,678.726917
Seychelles,SYC,0.134571,0.171095,0,0,0,0,0,0,0,11.831178,5.712946,0,12.817218,0.008692,3.44062,3.225432,18.939372,1.063369,0,0,0,0,0,0
Sierra Leone,SLE,0,0,0,0,0,0,0,0,0,0,0,0,29.080249,0,5.162509,0,0,0,0,2.210679,0,0,0,0
Slovenia,SVN,1.327461,0.112898,0,0,0,0,0,0,0,0,0,0,0,0,0,0,0,0,0,0,0,0,0,0
Solomon Islands,SLB,0,0,0,0,0,0,0,0,0,0,0,0,0,0,0,0,0,0,0,77.855361,0,0,0,0
South Africa,ZAF,3.995492,6.349268,10.782038,104.278193,60.370247,100.303066,0,0,0,881.834163,1039.851357,666.776174,1829.703306,901.168939,1099.492295,662.421883,726.801883,841.478242,187.262878,168.668273,202.399171,147.615922,287.438409,28.740447
Sri Lanka,LKA,0,0,0,0,0,0,0,0,0,0,193.153558,171.194434,222.390754,186.781319,164.098455,119.597468,288.969495,288.393748,407.115606,307.576368,525.716933,509.070961,518.617796,263.106253
Sudan,SDN,0,0,0,0,0,0,0,0,0,0,0,0,0,0,0,0,0,0,0,0,142.606102,0,0,0
Suriname,SUR,0,0,0,0,0,0,0,0,0,12.557895,22.609637,46.251373,20.989096,81.405824,37.969217,36.304344,91.286062,10.025824,7.961264,21.244499,5.337088,2.490938,3.799039,30.880765
Syrian Arab Republic,SYR,0,0,0,0,0,0,0,0,0,0,0,0,0,0,0,0,0,0,0,0,0,0,0,0
Tajikistan,TJK,0,0,0,0,0,0,0,0,0,14.116575,11.442472,22.280294,17.05477,14.769012,21.098654,72.213799,29.104606,18.422202,17.133414,72.536137,46.502172,79.543813,90.412513,90.261617
Tanzania,TZA,0,0,0,0,0,0,0,0,0,0,0,0,0,0,0,0,23.716412,107.906604,54.886111,80.665635,112.768629,105.930482,260.656473,232.39801
Thailand,THA,192.787301,146.584886,71.750803,19.795495,23.778436,31.010035,37.346754,2.381347,1.733911,14.13169,5.811843,104.337635,240.839067,162.498223,29.710192,27.190728,43.284116,0,313.435128,124.480874,278.510215,333.116265,51.373244,58.396138
Timor-Leste,TLS,0,0,0,0,0,0,0,0,0,0,0,0,0.010035,4.261543,9.909088,13.377267,17.764442,11.741885,21.90925,21.936616,11.627876,6.626653,10.73287,10.226548
Togo,TGO,0,0,0,0,12.586092,0,0,0,0,0,0,0,12.818618,6.496302,33.85177,4.932755,0,0,0,0,0,0,0,0
Trinidad and Tobago,TTO,2.633278,2.998512,0.812859,0.838562,2.001293,1.89066,1.435602,0.899641,0,0,0.167933,0,0,0,0,0,0,0,0,0,0,0,0,0
Tunisia,TUN,129.364807,769.646184,332.436947,485.957895,440.101898,199.107684,132.079189,210.193148,102.463387,592.123532,503.228139,283.967457,402.799052,244.517607,387.749299,847.192263,561.035908,911.431256,766.596272,486.414121,387.208079,86.959253,258.680368,331.6851
Turkmenistan,TKM,20.637107,3.560645,3.151653,0.082941,1.982039,0,0,0,0,0,8.192171,32.050543,46.767822,47.901043,40.141361,21.335832,31.347844,32.979376,7.236288,22.216194,103.247181,132.932102,180.266392,107.824642
Turkiye,TUR,1215.684741,1234.572141,876.171987,219.269619,1244.239225,316.341981,643.906549,856.504452,576.392604,2165.823622,2297.274524,2227.923889,1917.331985,2530.831511,1998.885246,2460.493044,2586.936557,2078.545632,1527.3771,1511.765738,1659.479025,1718.642056,1519.134218,2561.198059
Uganda,UGA,0,0,0,10.650969,0,0,0,0,28.821356,41.896918,31.977363,12.193108,28.108608,5.027236,5.069897,0.198986,1.514185,9.450199,130.250271,75.388735,63.750695,48.650323,85.743928,82.342343
Ukraine,UKR,0,0,0,0,0,315.321343,79.659892,66.427776,416.341103,1702.612413,663.77785,827.342257,789.999496,862.381788,1933.066564,1359.190872,1176.373867,379.720805,558.980103,1300.804598,743.60416,1092.46013,908.266711,1743.579207
Uruguay,URY,187.745064,90.071293,100.924299,89.29873,75.466262,66.648044,43.581894,73.503273,68.534619,446.5452,78.687236,193.573688,248.542295,270.855787,213.446055,240.291566,178.167369,167.467861,0,0,0,0,0,0
Uzbekistan,UZB,40.158915,51.714714,41.927224,18.972687,15.664757,28.748274,38.324415,19.264513,16.10439,83.534548,50.791767,57.426561,123.991686,119.868914,220.625021,393.170562,338.244243,283.85315,777.53369,1121.831379,1223.855408,472.892405,994.264182,985.336462
"Venezuela, RB",VEN,39.487063,79.301407,27.405133,12.421653,6.874215,5.064789,4.207515,-0.053222,0,312.082604,589.645032,373.835071,10.850429,24.284809,127.534345,213.649813,83.088976,7.897058,0,0,0,0,0,0
Viet Nam,VNM,0,0,0,0,0,0,0,0,0,0,566.258015,352.673145,473.189637,954.172629,744.39567,603.970828,586.942576,552.296471,358.014743,524.002942,310.527238,344.381454,385.335259,184.472853
Zambia,ZMB,0,12.58327,2.211444,0.652658,0,0,0,20.155674,24.758297,0,9.424977,0,5.341857,0,1.586638,63.264316,32.693849,12.112229,55.01888,57.71107,99.270286,68.886388,79.334365,42.568935
Zimbabwe,ZWE,27.226403,0.079806,0,1.131921,0,0,0,0,0,-0.010278,0,0,0,8.27647,0,0,0,0,27.669457,0,0,0,0,0
