Country,Country Code,1998,1999,2000,2001,2002,2003,2004,2005,2006,2007,2008,2009,2010,2011,2012,2013,2014,2015,2016,2017,2018,2019,2020,2021,2022
Afghanistan,AFG,0,0,0,0,0,0,26.1929994,0,0,0,0,2.684842961,4.73220439,0,0,0,0,9.539342341,0,0,0,0,0,0,0
Angola,AGO,0,0,0,0,0,0,0,2.17088442,824.5100681,92.97428569,0,0,0,396.9082128,2640.700264,84.39644498,274.1141574,0,270.3524364,1022.102831,0,151.843949,0,0,0
Albania,ALB,0,0,3.079748075,0,0,1.583441431,0,0,0,0,0,0,0,0,0,0,1.776964017,1.785539414,0,1.883338243,0.169290806,0,0,0,0
Argentina,ARG,0,0,0,0,0,0,0,0,0,0,0,0,0,0,0,0,0,0,0,0,0,56.17823061,0,5.258729491,0
Armenia,ARM,0,0,0,0,1.509876264,2.354509871,2.063857076,0,0,0,2.851698449,0,11.31614093,0,0,3.522370674,0,0,0,0,0,0,0,0,0
Antigua and Barbuda,ATG,0,0,0,0,0,0,0,0,0,0,65.80842574,10.90364969,0,118.8802884,0,0,0,0,0,0,109.8470255,5.617823061,0,0,0
Azerbaijan,AZE,0,0,0,0,0,0,0,0,0,0,0,0,0,0,0,0,0,0,156.198567,0,14.02309671,3.850536714,0,0,0
Burundi,BDI,0,0,0,1.822756401,0,0,0,0,0,0,0,11.48378341,0,0,1.581968168,0,16.89798755,0,37.56622392,0,94.46436067,0,0.046688314,0,0
Benin,BEN,0,0,0,0,0,0,3.416478183,0,0,9.059257585,45.89311832,9.546185265,0,0,2.29988438,320.4087476,219.2519777,71.07856068,96.55909302,103.2967693,0,0,0,54.34845322,0
Burkina Faso,BFA,0,0,0,0,0,0,0,0,0,0,0,0,0,0,0,0,0,0,0,0,0,0.30295618,0,90.64184367,0
Bangladesh,BGD,0,0,0,62.00300014,0,0,63.47992404,48.31604046,0,0,0,0,0,0,337.8228668,274.5180056,0,14.6414232,168.0210103,680.0869736,497.4503155,352.0750017,0,430.3206405,0
Bulgaria,BGR,0,0,0,0,0,0,0,0,0,0,0,0,0,0,39.50987157,0,0,0,26.11882179,168.9344335,0,0,0,0,0
"Bahamas, The",BHS,0,0,0,0,0,0,0,0,0,0,0,0,0,75.71527024,0,0,0,0,0,0,0,0,0,0,0
Bosnia and Herzegovina,BIH,0,0,0,0,0,0,0,0,0,0,0,0,0,0,0,0,0,6.768219313,0,0,0,0,0,244.5882353,0
Belarus,BLR,0,0,0,0,0,0,0,0,2.648671867,43.87228383,0,0,13.66829144,6.127998518,0,409.1018836,0,226.6120561,0,6.821145641,735.7293808,0,0,0,0
Bolivia,BOL,0,0,0,0,0,0,0,9.206232673,4.926529673,4.498160957,0,0,0,0,57.81519276,3.948127933,1.107095231,0,9.820466777,12.44859079,0,13.57602198,0,0,0
Brazil,BRA,0,0,0,0,0,0,0,0,0,0,0,0,0,0,243.7272138,0,55.35476157,0,1235.296996,0,0,50.56040755,0,0,0
Barbados,BRB,0,0,0,0,0,3.215604137,0,0,0,0,0,0,0,0,0,0,0,0,11.21764283,0,0,0,19.63982247,0,0
Botswana,BWA,0,0,0,0,0,58.86274679,0,0,32.32193406,0,0,0,0,0,0,0,0,0,0,0,0,0,0,0,0
Central African Republic,CAF,0,0,0,0,0,0,0,0,0,13.26567393,0,8.273360563,0,37.85763512,0,0,0,0,10.00616288,0,0,0,0,0,0
Chile,CHL,0,0,0,0,0,0,0,0,0,0,0,0,0,0,0,0,0,0,0,0,0,40.20613209,0,0,0
Cote d'Ivoire,CIV,0,0,0,0,0,0,0,0,0,0.254873731,0,0,0,52.64674059,0,114.0170322,0.871725699,176.4855969,307.0342341,0,324.4574961,113.1491558,586.7431344,636.6295255,0
Cameroon,CMR,0,0,0,0,0,0,0,0,0,0,41.79133498,9.462073375,69.33708171,0,1.839907504,197.6417132,0,91.59817194,361.5134967,0,70.60390665,50.11764706,0,0,0
"Congo, Dem. Rep.",COD,0,0,14.85709782,0,0,0,0,0,0,0,0,76.09495317,0,0,5.561900469,543.9148279,0,3.162149401,0,0.359335164,10.3535726,0,0,0,0
"Congo, Rep.",COG,0,0,0,0,0,26.04331302,18.70816099,0,0,171.4117343,1215.784257,154.5148718,241.1628117,1377.852483,429.1090849,96.29584527,0,0,0,0,0.033340734,0,0,0,0
Colombia,COL,0,0,0,0,0,0,0,0,0,0,0,0,0,182.4151303,0,0,0,0,0,0,168.5346918,1.685346918,0,89.28,0
Comoros,COM,0,12.83936539,0,0,0,0,0,0,20.27545103,0,1.535529934,0,1.499963951,0,0.613578572,0,5.255618754,44.23582364,0,2.37684558,0.642653243,0,0,0,93.4318945
Cabo Verde,CPV,0,0,0,0,0,0,9.409252072,0,0,0,0,19.08663708,26.10400888,0,0,0,1.77135237,0,0.677527449,0,32.84566653,0,0,0,0
Costa Rica,CRI,0,0,0,0,0,0,0,0,0,0,0,18.29503106,0,0,0,0,0,0,0,115.212727,0,20.23450222,55.35476157,0,0
Cuba,CUB,0,0,0,0,0,0,0,0,0,0,0,0,0,0,0,11.8443838,0,132.8514278,68.45717472,22.12489261,10.7895125,128.0863658,0,0,0
Djibouti,DJI,0,0,0,0,4.499018824,0,1.694630424,0,0,0,0,0,0,0,0,137.8648798,0,0,0,0,0.381447412,0,0,0,0
Dominica,DMA,0,0,0,0,0,0,0,0,0,0,0,0,55.63000179,0,0,0.626686973,0,0,12.98884959,0,0,0,0,0,14.60633996
Algeria,DZA,0,0,0,0,0,0,0,0,0,0,0,0,0,0,0,0,0,0,0,0,2.848473319,0,0,0,0
Ecuador,ECU,0,0,0,0,0,0,0,0,5.097474626,0,0,0,0,0.308054165,0,99.5466621,68.82206841,5977.239684,7.941459464,0,80.03504614,63.84112835,0,0.00757,0
"Egypt, Arab Rep.",EGY,0,0,0,0,9.997819608,0,0,0,34.43808989,8.255428303,22.01447547,0,0,8.920580595,0,0,0,0,28.45110962,46.09352628,0,1391.491605,0,0,0
Eritrea,ERI,0,0,0,0,0,0,0,0,0,58.2010706,0,83.38452161,0,0,28.28724417,117.2517583,0,109.1595898,0,0,0,95.47083791,0,0,0
Ethiopia,ETH,30.17445321,0,0,0,0,8.636456876,0,0,20.31949085,25.48737313,0,13.42782014,37.0922413,44.69269427,547.8184532,0,428.4100257,2809.684607,203.46238,0,7.671640888,435.8471598,0.113866934,0,0
Fiji,FJI,0,0,0,0,0,0,0,0,0,3.598528766,46.45706076,110.9341299,0.72834798,142.3733321,0,133.3885931,1.473370044,27.23451464,0,0,0.020951773,0,0,0,0
Gabon,GAB,0,0,0,0,0,0,0,7.051137079,0,0,106.7210145,0,0,161.7122246,0,0,148.6024027,0,0.888482009,0,0,0,0,56.90665267,0
Georgia,GEO,0,0,0.930045002,0,0,0,0,0,0,0,14.21125663,0,8.784531537,0,4.114960339,0,0,31.67919285,0,4.642402477,0,16.36200154,0,0,0
Ghana,GHA,0,0,0,0,0,0,67.69215881,0,0,0,1344.918815,0,0,1065.230275,0,0,0,24.24230413,0,0,52.20247426,381.6656417,354.181214,74.32287719,0
Guinea,GIN,0,0,0,0,0,0,0,0,0,0,0,0,0,0,0,0,0,1.785539414,0,0,662.2944063,0,0,0,0
"Gambia, The",GMB,0,0,0,0,0,0,0,0,0,0,0,0,0,0,0,0,0,0,0,0,128.5958288,4.718971372,0,0,0
Guinea-Bissau,GNB,0,0,0,0,0,0,0,0,0,0,0,0,0,0,0,0,0,2.16210137,0,0,27.11405392,7.035660662,0,17.98252084,0
Equatorial Guinea,GNQ,0,0,0,31.03546565,0,0,0,14.99672941,0,0,0,1.051407034,0,25.01666738,0,0,0,0,7.640945274,0,0,251.6714666,0,6.43907435,0
Grenada,GRD,0,0,0,0,0,0,0,0,0,0,0,0,0,0,0,0.626686973,0,0,0,0,0,0,79.23416851,0,0
Guyana,GUY,0,0,0,0,0,0,0,48.20956418,0,0,0,0.065959547,0,76.18166293,0,704.7873449,0,0,11.49216776,53.51852112,0,41.03812233,5.584185012,0,0
Indonesia,IDN,0,0,0,0,0,0,0,0,0,539.7492677,440.4284945,683.3756429,0,30.62586263,275.1896346,73.06828527,43.06090954,0,87.18797983,86.12181907,0,0,424.3980609,0,0
India,IND,0,0,0,0,0,0,0,0,0,0,0,73.59849237,0,0,0,0,0,0,0,0,0,0,0,0,0
"Iran, Islamic Rep.",IRN,0,0,0,0,0,0,0,0,0,0,0,0,0,0,0,792.4083488,0,68.30013395,0,0,706.3832903,3111.313024,91.85601644,0,0
Iraq,IRQ,0,0,0,0,0,0,0,0,0,0,0,0,0,0,0,0,0,0,0,0,0,1049.687516,0,0,0
Jamaica,JAM,0,0,0,0,0,0,0,0,26.48671867,27.60792154,0,15.09256299,0.962063049,0,3.995243196,0,0,0.013436506,0,0,0,0,0,0,0
Jordan,JOR,0,0,0,0,0,22.29720848,0,0,0,0,0,0,14.2687257,0,0,0,0,0,157.0585141,0,13.36389179,35.81101462,0,0,0
Kazakhstan,KAZ,0,0,0,0,0,0,0,0,0,0,0,0,1327.776883,0,0,0,451.2146209,0,0,1795.640911,111.6837002,169.5019019,0,0,0
Kenya,KEN,0,0,0,0,30.53128118,0.158100537,0,4.484035464,0,120.5188169,0,228.9621051,0,167.6728128,214.5347895,0,463.5185556,39.30045534,0,154.8586252,55.22387277,427.2124814,148.2240105,18.24151769,0
Kyrgyz Republic,KGZ,0,0,30.37927335,0,0,0,17.88676132,0,0,0,0,49.56528171,0,0,0,0,0,124.5525532,0,86.98238864,35.91281823,0,47.53144811,0,0
Cambodia,KHM,0,0,0,0,12.41810481,0,223.179701,0,0,31.93449764,5.333763848,116.9164893,0,319.2518575,80.10202608,111.5976626,147.6910483,59.81040757,177.4483092,202.6863288,183.8007146,3196.481761,218.8623512,20.88707058,0
Kiribati,KIR,0,0,0,0,0,0,0,0,0,0,0,0,0,0,0,0,0,0,0,0,0,0,0,2.8,3.413533835
Lao PDR,LAO,0,0,0,0,12.1803187,0.147156867,75.19183796,0,67.47943846,0.179926438,0.152458592,119.2244018,243.00202,0,214.2535576,130.9531587,533.6426723,152.7273826,28.04410707,288.9185954,543.5509205,0,40.20613209,22.76608894,0
Lebanon,LBN,0,0,0,0,0,0,0,0,12.18389059,0,0,0,0,0,0,5.391864915,0,0,0,0,0,0,0,0,0
Liberia,LBR,0,0,0,0,0,0,0,0,2.539936357,0.536047637,0,9.162535632,0.000195051,0,10.88750089,0,5.596296204,1.12227557,62.1937406,3.141672382,0,0,0,0,0
Sri Lanka,LKA,0,0,0,9.239244224,0,0,69.74014143,0.43404667,0,0,0,252.1653302,225.8646845,679.5868268,262.9407982,251.4508398,421.4765529,0,747.1567137,608.2977022,203.2971459,284.289565,0,0,0
Lesotho,LSO,0,0,0,0,0,0,0,0,0,5.097474626,7.063529614,50.04465653,0,0,38.0499352,0.846651948,13.88920785,0,0,0.011251399,115.3725358,0,77.93579951,0,0
Morocco,MAR,0,0,1.569922318,0,0,1.509876264,0,0,5.080725654,0,0,0,0,0,0,0,0,4.766293761,4.193088247,0,96.4422147,55.75645906,0,0,0
Moldova,MDA,0,0,0,0,0,0,0,0,0,0,6.699758693,0,0,0,5.70749028,0,6.059877737,0,0,5.758752207,0,0,0,4.991373323,0
Madagascar,MDG,0,0,0,32.03074987,0,0,0,0,0,96.26028602,0,0,0.139900813,0,2.202237807,0,0,0,44.40897956,0.027381859,37.31894411,245.6209004,0,0,0
Maldives,MDV,0,0,0,0,0,0,0,2.984070856,65.08586914,0,0,0,0,0,0,4.403034154,30.58149581,0.179679274,209.6995237,35.66675349,51.40821261,0,0,0,0
Mexico,MEX,0,0,0,0,0,0,0,0,0,0,0,0,0,0,0,0,0,0,0,11.23529703,3.705489143,0,0,0,0
North Macedonia,MKD,0,0,0,0,0,0,0,0,0,0,0,0,0,1.623441839,0,0,0,0,0,0,0,0,0,0,0
Mali,MLI,0,0,0,0,0,0,0,0,0,0,0,191.5039891,111.0979175,264.5815678,27.55486562,0,0,88.58188191,0,30.46616164,0,0,0,0,0
Myanmar,MMR,0,0,31.00150007,44.9149733,30.37927335,0.029232765,227.8498212,0,0,0,0,0,0,10.34680347,0,18.50882375,0,1.687052391,0.47810902,0,0.015244701,6.16329286,35.66485616,0,0
Montenegro,MNE,0,0,0,0,0,0,0,0,0,0,0,0,0,0,0,0,4.559511928,4.701387922,0,44.68489281,0,0,0,0,0
Mongolia,MNG,0,0,0,0,0,0,0,0,38.60703262,0,0,0,19.128228,0.171224708,0,85.61797431,12.34488102,0,0,12.93274412,0,224.9648871,0,0,0
Mozambique,MOZ,0,0,18.60090004,0,0,0,0,0,0,13.01035089,0,165.704819,75.10050241,170.5236187,92.75576108,78.39602925,0,120.3496002,132.8248575,179.7647525,76.22630254,0,0,0,147.4224843
Mauritania,MRT,0,0,0,0,0,0,1.138826061,0,0,0,0,446.0969843,132.2959749,0,38.0499352,0,53.20332936,52.80453773,3.014563209,0,0,14.31868445,0,49.43486481,0
Mauritius,MUS,0,0,0,0,6.039505057,5.768549185,0,0,0,0,52.46062354,0,15.08852489,0,213.4933364,0,0,0,0.042028015,4.166966037,0,0,0,0,0
Malawi,MWI,0,0,0,0,0,0,0,0,0,0,108.2565445,1.502010048,0,1.46249977,9.392988463,0,13.1224998,0.040740976,0,27.61976582,304.0572726,186.4654515,63.9404846,137.3875654,0
Malaysia,MYS,0,0,0,0,0,0,0,0,0,0,0,0,0,205.4716226,0,0,0,0,0,0,0,0,0,0,0
Namibia,NAM,0,0,0,0,0,0,10.61090187,0.351243839,0,66.21679668,0.00892055,0,2.145926461,0,0,0.087659081,3.350050238,35.76637105,27.51896346,1.298235642,0,0.117298115,0,73.65794857,0
Niger,NER,0,0,0,0,0,23.66996612,0,0,18.23770474,0.591379586,58.11121073,0,0,0,0,56.87252449,0,225.4875212,0,0,99.45454536,0,0,0,0
Nigeria,NGA,0,0,0,0,0,0,0,0,0,0,0,0,0,60.02294775,0,0,0,1.128036552,1.06617841,0,0,56.17823061,54.49248739,33.70693837,0
Nepal,NPL,0,0,0,0,0,0,18.78474619,0,0,58.555942,6.008416593,0,0,183.7177046,49.78213316,73.79828855,40.14099471,0,14.88747699,244.49781,4.449137833,22.14068873,0,0,0
Pakistan,PAK,0,0,0,4.745928147,346.5339081,0,0,559.0228784,0,9.854716974,0,17.79720347,0,150.4018004,111.2960605,717.7988749,0,466.8505816,1154.094672,187.5815051,0,112.4256501,0.144337675,0,14.56218137
Panama,PAN,0,0,38.18611656,0,0,0,0,0,0,0,0,0,0,0,42.18489022,0,0,0,0,56.11377848,0,0,0,0,0
Peru,PER,0,0,0,0,0,0,0,0,0,0,4.424416048,0,0,97.45225531,1.90249676,0,0.093581278,0,0,0,0,0,0,0,0
Philippines,PHL,0,0,0,0,0,12.1803187,0,0,0,0,0,0,0,0,1.918613083,0,0,0,0,0,18.86032848,103.6450846,0,0,6.576881334
Papua New Guinea,PNG,0,0,0,0.022938222,0.064444593,0,0,7.28848679,0,7.315016707,0,1.818934168,0,11.23488685,0,0,127.5722843,202.9933245,0,95.35409991,36.26241334,0,0,0,77.36434109
Paraguay,PRY,0,0,0,0,0,0,0,0,0,0,0,0,0,0,0,0,0,56.11377848,16.83413354,0,0,0,0,0,0
Romania,ROU,0,0,0,0,0,0,0,0,0,0,0,0,0,0,0,131.8011424,0,0,0,0,0,0,0,0,0
Russian Federation,RUS,0,0,0,0,0,0,0,0,0,0,0,0,0,0,0,0,0,0,237.8552764,0,0,0,1977.394593,0,0
Rwanda,RWA,0,0,0,9.575657744,9.997819608,0,0,0,0,0,0,12.96687685,48.15046953,0,0,159.8327278,14.00968517,0,0,94.78221113,45.45052159,141.8650302,0,242.6287923,0
Sudan,SDN,0,0,7.750375018,0,0,0,114.6714229,29.26006683,2.031949085,57.64576184,0,13.34821453,127.9075389,0,0,0,17.96792737,0,0,0,0,1549.933324,95.27435174,0,0
Senegal,SEN,0,0,0,0,0,0,0,108.3081272,0,179.7793941,0,45.68676812,106.321246,87.27243445,58.7061779,0,0,94.63358895,1859.705475,98.99302072,92.03831843,0,33.72397653,0,0
Solomon Islands,SLB,0,0,0,0,0,0,0,0,0,0,0,0,0,0,0,0,0,0,0,0,0,0,0,0.1,0
Sierra Leone,SLE,0,0,0.641614182,0,0,0.609015935,0,0,27.43625445,0,0,0,0,53.26990928,0,18.0530485,0,0,0,0,234.8497071,0,33.86934319,0,0
El Salvador,SLV,0,0,0,0,0,0,0,0,0,0,0,0,0,0,0,0,0,0,0,0,0,1.868637152,0.156037932,0,0
Serbia,SRB,0,0,0,0,0,0,0,0,0,0,0,0.312987009,42.15776867,0,0.754293081,0,0,0,166.3354422,0,236.768285,0,0,0,0
South Sudan,SSD,0,0,0,0,0,0,0,0,0,0,0,0,0,0,0,57.52986416,0,28.05688924,0,0,65.91315309,0,0,49.08600462,0
Suriname,SUR,0,0,0,0,0,0,0,0,0,0,87.74456766,0,0,0,0,0,0,0,0,277.4890595,0,0,0,0,0
Seychelles,SYC,0,0,0,0,0,0,0,0,0,0,0,0,0,0,0,0,0,0,5.044430231,0,21.30835963,0,0,0.15503876,0
Syrian Arab Republic,SYR,0,0,0,0,0,0,0,0,6.519593411,46.77371742,0.762292961,0,76.7764967,0,0,0,0,0,0,0,13.07819697,0,0,0,0
Chad,TCD,0,0,0,0,0,0,0,0,45.08956544,219.5642155,0,0,0,0,0,359.0006045,3.384109657,1.897498638,0,0,0,0,243.1393429,0,0
Togo,TGO,0,0,0,0,0,0.882941202,40.01390438,0,1.644770344,0,8.774456766,0,0,92.22713381,9.530133453,60.89023773,0,221.777638,71.68287823,6.821145641,0,0,0,0,0
Thailand,THA,0,0,0,0,0,0,0,0,0,0,0,0,0,0,14.33305541,0,0,0,0,5937.282899,0,0,139.6046253,0,0
Tajikistan,TJK,0,0,0,0,0,0,0,0,100.2471889,4.929491411,0,0,0,0,45.06030145,29.99476357,0,277.1074322,10.59070554,94.72740244,0,37.28900151,0,0,337.8823679
Turkmenistan,TKM,0,0,31.00150007,0,0,10.56913385,0,0,0,0,0,0,0,143.073813,0,0,0,0,0,0,0,0,0,0,0
Timor-Leste,TLS,0,0,0,0,0,0,0,0,0,0,20.63688856,0,0,4.363587539,9.432226522,0.239603864,0,0,0,0,1.483045944,0,0,0.02,0
Tonga,TON,0,0,0,0,0,0,0,0,3.00691551,0,5.488509319,0,59.87267293,11.34475698,0,15.92787612,8.192504712,0.091977804,0,0,6.517620584,0,0,0,11.81581176
Trinidad and Tobago,TTO,0,0,0,0.817509363,0,0,0,0,0,0,0,0,0,0,0,5.70749028,0,0,0,0,0,0,0,0,0
Tunisia,TUN,0,0,0,0,0,0,0,0,1.015974543,0,7.646211938,0,0,0,3.458319439,0,0,7.328671514,0,5.531223154,15.68906118,0,26.42550399,0,0
Turkiye,TUR,0,0,0,0,0,0,0,0,0,0,0,788.5552753,154.4924549,0,0,0,0,590.4022542,0,330.8783835,88.22533801,1307.819697,0,0,0
Tanzania,TZA,0,0,11.77126958,65.89255474,0,0,0,0,0,0,0,123.524808,144.0236119,111.263598,94.70543163,0,0.332128569,441.8325214,0,0,0,49.70621682,55.84185012,0.15503876,0
Uganda,UGA,0,0,8.212661532,0,0,3.623703034,0,2.706280987,0.101344091,70.90016154,0,103.3114372,0.12255997,0,256.543053,0,0,306.7448755,224.9779662,0,49.09377516,0.38452215,236.9217823,5,0
Ukraine,UKR,0,0,0,0,0,0,0,0,0,0,0,0,0,0,0,0,0,0,0,0.115233816,0,0,0,0,0
Uruguay,URY,0,0,0,0,0,0,0,0,2.548737313,0,0,0,4.397303154,0,0,0,0,39.50507435,63.08932044,0,0,0,0,23,0
Uzbekistan,UZB,0,0,0,0,0,0,0,0,0,0,0,39.58532462,0,69.63634679,450.168491,483.0464039,203.668158,421.6600632,0,69.7164585,115.2098864,30.575,0,300,0
"Venezuela, RB",VEN,0,0,0,0,4.449029726,0,1.375904717,0,0,0,0,0,0,0,0,0,587.061779,0,0,0,0,0,0,0,0
Viet Nam,VNM,0,0,122.1530745,0,208.8803432,0,0,279.8800335,129.1701665,0,145.6769527,762.292961,123.4488102,777.6132022,103.6503145,199.1224544,61.72515633,0,0,0,0,128.0863658,0,0,0
Vanuatu,VUT,0,0,0,0,0,0,0,5.115733855,13.85494249,14.9483359,16.08552474,8.798402832,0,0,0,0,62.88774578,97.3681984,0,1.364229128,0.443374467,57.67400895,0,0,63.14777697
Samoa,WSM,0,0,0,0,0,0,0,0,0,0,0,0,2.983346246,0.190249676,28.01014227,0,0,61.09095304,0.101738605,3.509078688,14.66431694,0,0,0.039370079,0
"Yemen, Rep.",YEM,0,0,0,0,0,0,0,12.6583234,52.83474114,61.16969551,0,0,0,0,0,0,0,0,0,0,0,0,0,0,0
South Africa,ZAF,0,0,0,0,0,0,0,0,0,2724.62437,1728.507236,7.096555031,0,0,0,0,59.89874092,0,0,0,0,0,27.2462437,0,0
Zambia,ZMB,0,0,0,15.18963668,6.555952704,0,0,0,22.01545777,0,480.2445654,17.42331656,10.7955863,100.8778224,0,307.7896765,0,59.7831425,98.53841416,2927.073378,23.61609017,233.1980536,0,17.71206763,0
Zimbabwe,ZWE,0,0,0,0.607585467,12.07901011,0,0,13.0214001,3.047923628,0,0,45.95993364,10.28740085,128.7643948,0,17.70697171,5.640182761,244.3638122,8.475224359,0.576169079,192.5696214,6.691903275,0,172.2057075,0
"Africa, regional",,0,0,0,0,0,0,0,0,0,0,0,0,0,0,0,0,0,700.968502,0,0,0,0,0,0,0
Cook Islands,,0,0,0,0,0,0,0,0,0,0,0,0,0,0,0,0,21.90560628,13.49364009,0,0.093772625,0,0,0,0,0
Democratic People's Republic of Korea,,0,0,0,0,0,0,71.54704529,0,0,0,0,0,453.3863301,61.72440508,0,82.48880092,25.08213056,52.11189259,24.46188997,0,0,0,0,0,0
