Country Name,Country Code,Indicator Name,Indicator Code,1998,1999,2000,2001,2002,2003,2004,2005,2006,2007,2008,2009,2010,2011,2012,2013,2014,2015,2016,2017,2018,2019,2020,2021,2022,2023,2024
Aruba,ABW,GDP growth (annual %),NY.GDP.MKTP.KD.ZG,1.991984449,1.238041842,7.622920649,4.18200163,-0.944953481,1.110504599,7.293728071,-0.383137672,1.127411464,3.089544385,1.835755172,-11.67774137,-2.733456793,3.369237184,-1.040799884,6.431482604,-1.586575138,-0.623625902,1.71962498,7.048533386,2.3970862,-2.232442027,-26.21182021,24.13262736,8.517918105,4.263719415,
Africa Eastern and Southern,AFE,GDP growth (annual %),NY.GDP.MKTP.KD.ZG,1.7526294,2.649284603,3.212167483,3.505488062,3.83384814,2.952938513,5.554447755,6.16249335,6.577438603,6.646935047,4.366173103,0.892651361,5.207943441,4.058923272,1.767969542,4.317725168,4.014350558,3.003366929,2.195991207,2.696237829,2.665038075,2.200340433,-2.859783921,4.563568076,3.555768787,1.891307387,2.76680373
Afghanistan,AFG,GDP growth (annual %),NY.GDP.MKTP.KD.ZG,,,,-9.43197407,28.60000117,8.832277803,1.414117993,11.22971483,5.357403247,13.82631955,3.92498382,21.39052839,14.36244147,0.426354777,12.75228709,5.600744659,2.724543362,1.451314661,2.260314203,2.647003203,1.189228129,3.911603416,-2.351100672,-20.73883937,-6.240171992,2.266943736,
Africa Western and Central,AFW,GDP growth (annual %),NY.GDP.MKTP.KD.ZG,3.623420346,1.528189458,3.842478629,5.207032619,9.968802114,5.597677402,8.094673111,5.912110881,5.355183698,5.50232869,6.276134511,6.125529167,7.032024723,4.946666245,5.140575577,6.02802289,5.712458523,2.92800961,0.194177489,2.296167547,2.904654375,3.282162998,-0.984117425,4.030000306,3.974963545,3.357986995,4.176102889
Angola,AGO,GDP growth (annual %),NY.GDP.MKTP.KD.ZG,4.691146451,2.181489718,3.054624234,4.205998556,13.66568876,2.99,10.95000001,15.02999999,11.55,14.01000001,11.16999999,0.860000002,4.398375938,3.472053148,8.542107076,4.954613031,4.82255927,0.943571561,-2.580049644,-0.147212941,-1.316361689,-0.702272958,-5.638214717,1.199210521,3.044726524,1.07809952,4.423904529
Albania,ALB,GDP growth (annual %),NY.GDP.MKTP.KD.ZG,8.310025204,12.2507282,7.462858718,8.86373066,4.628395874,5.33326426,5.266261739,5.130821931,6.01898124,6.500092612,6.907062307,2.690751524,2.973154427,2.463516839,0.98412988,1.707228318,2.240226954,2.227704075,3.908935514,3.283175933,3.671419281,2.062577902,-3.313756369,8.969576191,4.826696119,3.936616892,3.961719112
Andorra,AND,GDP growth (annual %),NY.GDP.MKTP.KD.ZG,3.194793393,4.099078922,3.528362361,8.119357722,4.546362214,8.694203716,8.135676338,5.397795985,4.808688699,1.553188141,-5.559186369,-5.302846543,-1.974958,-0.008069753,-4.974443719,-3.547596515,2.504465521,1.434140395,3.70967807,0.34607189,1.58876549,2.015547638,-11.18393994,8.28677879,9.564612256,2.58355481,3.371820326
Arab World,ARB,GDP growth (annual %),NY.GDP.MKTP.KD.ZG,4.761529503,2.775759909,6.346471293,2.095304264,1.220928036,4.300554403,9.075083089,5.571119928,6.28242617,4.599761962,5.568565669,0.642664296,4.837717215,3.786213062,5.098311625,2.65952311,2.589732858,3.294223489,3.549283519,1.604825896,2.642845209,1.726916137,-4.757144996,4.40457596,6.995413818,1.504355199,1.548919124
United Arab Emirates,ARE,GDP growth (annual %),NY.GDP.MKTP.KD.ZG,0.291994342,2.90221364,10.85270422,1.399085037,2.433456811,8.800540814,9.566436638,4.855141196,9.837319769,3.184390173,3.191836273,-5.242921904,1.602850047,6.216121817,1.824480785,5.055559658,4.165691841,6.786772877,5.56149076,0.735068714,1.313913882,1.108348135,-4.957052433,4.354755297,7.509697035,3.618706531,3.761615446
Argentina,ARG,GDP growth (annual %),NY.GDP.MKTP.KD.ZG,3.850178852,-3.385457041,-0.788998939,-4.408839683,-10.89448483,8.837040796,9.029573301,8.85165992,8.0471515,9.007650875,4.057233103,-5.918525076,10.12539816,6.003951693,-1.026420454,2.405323781,-2.512615321,2.731159828,-2.080327844,2.818502978,-2.617396463,-2.000861003,-9.900484814,10.44181199,5.269879674,-1.611001621,-1.719105147
Armenia,ARM,GDP growth (annual %),NY.GDP.MKTP.KD.ZG,7.299999988,3.300000001,5.900000003,9.599999999,13.2,14,10.5,13.9,13.2,13.7,6.9,-14.1,2.2,4.699999999,7.200000001,3.3,3.600000001,3.199999999,0.2,7.500000002,5.2,7.599999999,-7.199999999,5.800000001,12.6,8.3,5.9
American Samoa,ASM,GDP growth (annual %),NY.GDP.MKTP.KD.ZG,,,,,,0.965517241,0.409836066,-0.408163265,-4.098360656,1.851851852,-2.657342657,-4.166666667,0.299850075,0,-4.334828102,-2.5,1.762820513,3.149606299,-1.679389313,-6.98757764,2.671118531,-0.487804878,4.411764706,-0.782472613,1.735015773,,
Antigua and Barbuda,ATG,GDP growth (annual %),NY.GDP.MKTP.KD.ZG,4.731279149,3.707745945,6.203552126,-4.548109771,1.027234861,6.076636664,5.767103383,6.473689418,12.70814749,9.315182723,-0.014006598,-11.96287947,-7.840506837,-1.958742622,3.373142739,-0.60098233,2.198291887,1.421619976,4.120367544,2.71272658,6.712004872,3.172221937,-18.86877652,8.172863112,9.107806234,2.427363001,4.32752145
Australia,AUS,GDP growth (annual %),NY.GDP.MKTP.KD.ZG,4.663214604,5.027684093,3.921502931,2.025105535,3.979585681,3.090761905,4.224284814,3.154167532,2.755346106,3.773321713,3.586266952,1.892555819,2.219980265,2.407080183,3.916709425,2.602193394,2.595284116,2.190169287,2.759385972,2.279591798,2.878469715,2.171545057,-0.119590736,2.111168148,4.242385553,3.4419922,1.43111252
Austria,AUT,GDP growth (annual %),NY.GDP.MKTP.KD.ZG,3.49288003,3.761924352,3.18952293,1.316987496,1.484368776,1.141565045,2.565255341,2.320365143,3.269336015,3.775224687,1.453305621,-3.586264726,1.80898243,2.927468002,0.628246239,-0.250726423,0.75579885,1.303523318,2.117219645,2.27224992,2.484221141,1.754976196,-6.318255092,4.795328857,5.277894485,-0.954962529,-1.173540536
Azerbaijan,AZE,GDP growth (annual %),NY.GDP.MKTP.KD.ZG,9.999999612,7.4000013,11.09999914,9.899999691,9.438916342,10.20830001,9.253801326,27.96153807,34.46620936,25.46321591,10.59143729,9.369502784,4.78883271,-1.572997621,2.202939023,5.843415762,2.797585434,1.049546368,-3.063598454,0.153614647,1.500401707,2.479808934,-4.198960792,5.616440269,4.714680379,1.354477318,4.071402105
Burundi,BDI,GDP growth (annual %),NY.GDP.MKTP.KD.ZG,4.749999995,-1.009999996,-0.856864058,2.055807108,4.446519412,-1.22372796,4.833657768,0.900000001,5.413807145,3.451948564,4.861716367,3.812745366,5.124159994,4.032599988,4.446706331,4.924189898,4.240650214,-3.90000008,-0.600000909,0.500001262,1.609935421,1.812565324,0.327156893,3.099999999,1.848999439,2.665539604,3.489231748
Belgium,BEL,GDP growth (annual %),NY.GDP.MKTP.KD.ZG,1.961832405,3.542717988,3.716705107,1.099603624,1.706894303,1.037955182,3.571206719,2.321737929,2.552340873,3.676924625,0.446905131,-1.906441055,2.710311503,1.931155024,0.215803612,0.305494549,1.765540381,1.474164337,1.19350273,1.474467616,1.877968474,2.442890045,-4.792983908,6.207599813,4.259360737,1.201691782,1.018898625
Benin,BEN,GDP growth (annual %),NY.GDP.MKTP.KD.ZG,3.961012138,5.341449372,5.857714205,5.333135706,4.643030871,3.443576776,4.429684554,1.713164564,3.943738828,5.986349322,4.896577084,2.319292139,2.114064726,2.963752919,4.811223316,7.191433721,6.357679098,1.77815106,3.339673426,5.671561952,6.697253622,6.865686628,3.8487924,7.155451646,6.252947054,6.352777385,7.453115662
Burkina Faso,BFA,GDP growth (annual %),NY.GDP.MKTP.KD.ZG,7.307719635,7.395237801,1.888473889,6.613405745,4.35296383,7.802493889,4.478452137,8.661873228,6.253164688,4.111379018,5.799991741,2.961950859,8.446281577,6.622562613,6.45267238,5.792584845,4.326845615,3.921228794,5.957976708,6.203489411,6.604569068,5.889204971,2.010772624,6.942524926,1.497239741,2.960181474,4.985103006
Bangladesh,BGD,GDP growth (annual %),NY.GDP.MKTP.KD.ZG,5.177026873,4.670156369,5.293294719,5.077287775,3.83312394,4.7395674,5.23953291,6.535944939,6.671904986,7.058599354,6.013789757,5.045124799,5.571788185,6.464379125,6.521458779,6.013605658,6.061059359,6.552639878,7.113478213,6.590249998,7.31941263,7.881915151,3.448017551,6.938679124,7.099828776,5.77511237,4.223259113
Bulgaria,BGR,GDP growth (annual %),NY.GDP.MKTP.KD.ZG,3.789120192,-8.396091236,4.58722551,3.823704374,5.87193119,5.237153635,6.510425174,7.056349212,6.802588987,6.654387649,6.129558799,-3.347141367,1.555359635,2.09017527,0.748814897,-0.542751603,0.949448985,3.397553259,3.026628931,2.745926447,2.549464347,3.788850365,-3.215737434,7.780614814,4.038777583,1.886814839,2.810827752
Bahrain,BHR,GDP growth (annual %),NY.GDP.MKTP.KD.ZG,4.790003593,4.299998244,5.300069403,2.490948753,3.348550671,6.296441291,6.980961759,6.768997378,6.46699952,8.293961291,6.24501095,2.539885702,4.334298975,1.928157912,3.80302899,5.292622249,4.308856927,2.507872053,3.814993274,4.953835341,2.05258865,2.052877744,-5.911362952,4.350040917,6.180161255,3.878116148,3.017248391
"Bahamas, The",BHS,GDP growth (annual %),NY.GDP.MKTP.KD.ZG,4.716798555,7.144103907,4.148419308,2.626009827,2.704956247,-1.264916676,0.882373745,3.396084205,2.516592217,1.446099912,-2.32364807,-4.175428056,1.538662487,0.613170736,4.520124103,-2.86328003,1.847305942,0.996748943,-1.156267038,3.371236486,2.398520006,-0.839051301,-20.08955543,17.58689737,10.87745501,3.048774963,3.378506607
Bosnia and Herzegovina,BIH,GDP growth (annual %),NY.GDP.MKTP.KD.ZG,16.6163745,9.521570186,5.41431595,2.423313172,5.027444207,3.867138795,6.325266169,3.89717799,5.414003571,5.857126342,5.443831035,-3.00445593,0.86566926,0.959511247,-0.821836474,2.349856663,1.153851092,4.314750611,3.242255212,3.244100959,3.827499205,2.887343344,-3.015095148,7.38996234,4.226811011,1.994395203,2.480047084
Belarus,BLR,GDP growth (annual %),NY.GDP.MKTP.KD.ZG,8.39999149,3.399999201,5.800003268,4.725306041,5.04526755,7.043192499,11.44974313,9.400001526,9.999994718,8.600006601,10.19999952,0.199995215,7.750017066,5.549974723,1.70785257,0.998719279,1.651124685,-3.829570558,-2.526446436,2.5321835,3.149197594,1.446455477,-0.672742951,2.438862124,-4.658395916,4.126540072,4.009848525
Belize,BLZ,GDP growth (annual %),NY.GDP.MKTP.KD.ZG,3.890469749,9.424812536,12.24045958,4.993967755,5.397123855,9.666655654,4.780840488,2.219538842,4.511447376,3.353248291,-1.682116446,-0.389321468,1.114035787,-0.244543781,3.737775786,4.454326007,4.030845578,2.876183795,0.054551654,-1.812853541,1.11057125,4.267636896,-13.90291006,17.74617012,9.652977724,1.149016821,8.151789827
Bermuda,BMU,GDP growth (annual %),NY.GDP.MKTP.KD.ZG,3.900000094,3.38264702,9.317156411,7.222435538,-1.477790598,3.410706677,2.321267223,1.674206114,5.54386638,3.345139709,-1.865955826,-5.626697711,-2.502878289,-3.742744317,-5.305299107,-0.279708545,-3.701067594,0.7755297,-0.657206304,3.611419837,-0.4328013,0.307106461,-6.827573035,4.607429171,6.476225712,4.917215573,2.105368822
Bolivia,BOL,GDP growth (annual %),NY.GDP.MKTP.KD.ZG,5.029354755,0.426885423,2.507810809,1.683799127,2.485565738,2.711339837,4.173295589,4.421433127,4.797008824,4.564384269,6.148497875,3.356999574,4.126722591,5.204092443,5.122275581,6.796011428,5.460569506,4.85718718,4.263920864,4.195206334,4.223623653,2.21670564,-8.737884358,6.111372697,3.605680426,3.08196521,1.38468279
Brazil,BRA,GDP growth (annual %),NY.GDP.MKTP.KD.ZG,0.338097901,0.467937566,4.387949447,1.389896401,3.053461859,1.140828998,5.759964637,3.202132061,3.961988711,6.069870607,5.094195447,-0.125812002,7.528225818,3.974423079,1.921175986,3.004822669,0.50395574,-3.545763393,-3.275916908,1.322869054,1.783666762,1.220777824,-3.276758796,4.762604379,3.016694354,3.241655329,3.395866455
Barbados,BRB,GDP growth (annual %),NY.GDP.MKTP.KD.ZG,3.728464306,0.334656057,4.447189628,-2.365464667,0.787402032,2.175480794,1.411598307,3.955457208,6.070546217,2.079183863,0.633460591,-5.017275383,-2.217710856,-0.731434559,-0.313311151,-1.010381846,0.082405478,-0.846098521,1.791930334,0.128446002,-1.174065094,0.652585418,-15.05436295,-0.25496588,17.83286303,4.09382011,3.800000319
Brunei Darussalam,BRN,GDP growth (annual %),NY.GDP.MKTP.KD.ZG,-6.657159467,4.260722449,3.47467625,1.466060511,3.961439117,3.583428926,0.10453844,-0.003925189,4.09841261,-3.763623476,-3.900710821,-1.900253862,2.741364335,3.744406387,0.913135324,-2.124783186,-2.507887216,-0.392383488,-2.477917765,1.328726513,0.052371054,3.868844164,1.133573406,-1.590762481,-1.62833154,1.127644192,4.200372735
Bhutan,BTN,GDP growth (annual %),NY.GDP.MKTP.KD.ZG,5.914030936,7.983971794,3.355068382,7.328374357,10.44377972,7.786560409,5.157257362,6.935071468,5.640805154,16.10478365,4.529448777,7.667492386,11.93187384,8.489258484,5.164820127,1.736340395,5.881085507,6.660801289,8.475943392,2.086845227,3.501871857,5.755148512,-10.21839742,4.421367389,5.213867838,4.882593963,
Botswana,BWA,GDP growth (annual %),NY.GDP.MKTP.KD.ZG,0.443663586,9.667240703,1.987695834,0.25057395,6.069530876,4.62589475,2.705821706,4.556645653,8.363871093,5.792555777,3.252072958,-14.14423462,10.11972333,6.838410501,-0.170857117,11.10290688,5.69714422,-4.851325046,7.204424759,4.11437856,4.18869239,3.031773371,-8.728882411,11.91627241,5.486017064,3.208068122,-2.989868795
Central African Republic,CAF,GDP growth (annual %),NY.GDP.MKTP.KD.ZG,4.700142379,3.599974904,-2.48943244,4.464739026,3.616542192,-5.397485219,5.994884228,0.908210515,4.77108543,4.607534855,2.054130962,8.587260426,4.630818432,4.194615337,5.053761254,-36.3919771,0.081070515,4.33712103,4.750316841,4.527278213,3.789443593,3.1,0.899999997,0.982919996,0.453901882,0.69996839,1.539632475
Canada,CAN,GDP growth (annual %),NY.GDP.MKTP.KD.ZG,3.892886543,5.141003537,5.13853918,1.875098107,2.99925535,1.806385123,3.092363843,3.210454391,2.63794375,2.049904637,0.995406301,-2.915086216,3.090806345,3.137194422,1.755661291,2.325813548,2.873466778,0.649971002,1.038550925,3.033834912,2.742963449,1.908431946,-5.038233435,5.950528028,4.189036281,1.528745508,1.528081109
Central Europe and the Baltics,CEB,GDP growth (annual %),NY.GDP.MKTP.KD.ZG,2.633678763,1.901171263,3.946045632,3.005417474,3.542436172,3.996868207,5.874051847,4.909840408,6.641155901,6.338837747,3.962065117,-3.622351402,1.538566314,3.60118569,0.837229667,0.668209443,3.262021274,4.001782991,2.807055342,5.107007659,5.064130423,4.026711247,-3.315368105,6.546076817,4.036664142,0.763278132,1.963305524
Switzerland,CHE,GDP growth (annual %),NY.GDP.MKTP.KD.ZG,3.029969306,1.662701049,3.958719908,1.575661987,-0.073217257,-0.032398426,2.701709129,2.749699106,4.073628418,3.916375772,2.807983592,-2.297374526,3.243397157,1.813108305,1.179253853,1.792144007,2.349881415,1.644627508,2.06868969,1.362799655,2.860445794,1.14198219,-2.14173712,5.559620206,3.04406103,0.683328174,1.302333325
Channel Islands,CHI,GDP growth (annual %),NY.GDP.MKTP.KD.ZG,,,,,,,,,,,,,-3.606632316,1.125043109,-5.753661221,0.493931121,2.427101785,0.374367084,1.213024077,1.806481314,1.122243566,1.573355962,-8.896779266,9.93680137,5.341961404,3.715005904,
Chile,CHL,GDP growth (annual %),NY.GDP.MKTP.KD.ZG,4.180886627,-0.273631398,4.971621488,3.154034925,3.202799135,4.723245269,6.674254168,5.837045719,6.049990826,5.168230985,3.789392806,-1.118037236,5.851651022,6.223896785,6.155340019,3.308508247,1.792649471,2.1519425,1.753038749,1.357695373,3.990029478,0.634367534,-6.143474792,11.31492049,2.153993562,0.521367977,2.644311549
China,CHN,GDP growth (annual %),NY.GDP.MKTP.KD.ZG,7.920792079,7.737003058,8.586432018,8.312638871,9.243393266,10.11819286,10.13140736,11.45823846,12.67467517,14.14998549,9.670245886,9.402699728,10.59627198,9.461335887,7.856174271,7.778724094,7.461900282,6.978780027,6.775555628,6.891266362,6.756718002,6.068502351,2.340188431,8.570085132,3.134188872,5.414843301,4.977356592
Cote d'Ivoire,CIV,GDP growth (annual %),NY.GDP.MKTP.KD.ZG,4.263905944,1.166859982,-0.265789462,-2.154012491,-2.730526474,-4.725866586,3.185038226,0.996065565,2.815578593,1.101429768,4.782665979,3.603321567,6.848049399,-5.37044724,7.620411765,10.76021313,9.371999942,7.194949427,7.17275964,7.410762426,4.843146059,6.721371676,0.699728593,7.063329102,6.399883627,6.450457969,5.95
Cameroon,CMR,GDP growth (annual %),NY.GDP.MKTP.KD.ZG,4.725534848,4.511304221,3.832417794,4.324261192,4.477026834,5.453153689,7.048862819,2.228270209,3.809583276,4.32758901,2.847677889,2.579251777,2.899024721,3.379211285,4.625978722,4.995529161,5.719818145,5.666952987,4.535794237,3.541176549,3.955514239,3.475059982,0.259932916,3.338857472,3.736784006,3.248344978,3.670742847
"Congo, Dem. Rep.",COD,GDP growth (annual %),NY.GDP.MKTP.KD.ZG,-1.624154045,-4.270140831,-6.910927317,-2.100173025,2.947765184,5.577822311,6.738373933,6.135151155,5.320979565,6.259477764,6.225894269,2.85506401,7.107976576,6.87467089,7.086898947,8.481956636,9.470288099,6.916167119,2.399398911,3.726947659,5.8211211,4.384528874,1.735422767,6.200154011,8.924447851,8.609089723,6.67593029
"Congo, Rep.",COG,GDP growth (annual %),NY.GDP.MKTP.KD.ZG,3.73755277,-2.582199358,7.575980395,3.802601899,4.581870061,0.813264076,3.476631621,7.755758978,7.986238363,-6.613994804,6.306375956,11.63728886,9.931265431,2.205919363,9.947153143,-0.712434452,6.646065409,0.415193061,-8.685243439,-5.594773719,-2.304317801,1.12447392,-6.26777228,1.01507037,1.475356132,1.906864263,2.579666395
Colombia,COL,GDP growth (annual %),NY.GDP.MKTP.KD.ZG,0.569784088,-4.204015242,2.924861482,1.677898308,2.503980467,3.918271903,5.333022068,4.828761108,6.716868698,6.738194691,3.283446186,1.139648645,4.494658971,6.947891982,3.912635767,5.13399352,4.499030001,2.955901375,2.087382502,1.359360868,2.564324283,3.186855392,-7.185914138,10.80119819,7.328277294,0.712380032,1.74380145
Comoros,COM,GDP growth (annual %),NY.GDP.MKTP.KD.ZG,1.282515793,1.924408712,10.84787862,2.332907102,2.324944861,2.103871636,1.919659807,2.83754787,2.646955476,0.800042349,3.964611189,6.48692882,4.801058168,5.888152671,6.310639738,8.927269534,3.89569329,1.992064687,2.780228542,5.596189521,4.059605937,3.628770244,4.005317935,2.725798451,2.818395066,3.064662369,3.388783506
Cabo Verde,CPV,GDP growth (annual %),NY.GDP.MKTP.KD.ZG,12.51728579,11.22264845,14.28486885,2.231654545,5.25089117,4.176259326,10.19707263,6.912457957,7.983750448,15.17068797,7.039011296,-1.503586724,1.83641915,3.924718213,1.083648484,0.632136727,0.69666684,0.936026508,4.280714827,4.55131481,3.706964583,6.947826341,-20.8052759,7.033530107,15.84367568,5.391144274,7.271881472
Costa Rica,CRI,GDP growth (annual %),NY.GDP.MKTP.KD.ZG,7.155308579,4.214811171,3.86871809,3.491169894,3.41687639,4.317179866,4.424599597,3.976666368,7.326695433,8.215131983,4.738174878,-0.873455943,5.360343526,4.40315924,4.88259241,2.494766112,3.542109878,3.652080968,4.204323252,4.157698963,2.615904404,2.417511818,-4.273354322,7.935762247,4.55149178,5.111921832,4.321224296
Caribbean small states,CSS,GDP growth (annual %),NY.GDP.MKTP.KD.ZG,4.938098272,5.133704142,4.69599855,2.166202184,4.029405584,6.154870927,4.702784288,4.401645527,7.85643345,3.868529003,1.711231763,-3.372673123,1.894728567,0.854392352,4.404158647,1.470560979,2.561656764,-0.130958705,-3.025265497,-0.787701926,1.231056407,0.919134168,-9.113253104,6.47906911,15.01815716,9.007951962,13.34432587
Cuba,CUB,GDP growth (annual %),NY.GDP.MKTP.KD.ZG,0.159146052,6.188755304,5.914760174,3.185029904,1.424821261,3.792740223,5.77053807,11.20165642,12.06586311,7.262136966,4.116828042,1.451305431,2.390352297,2.802300836,3.014900289,2.747602563,1.047576632,4.438333589,0.512843096,1.809791772,2.247948541,-0.163087224,-10.9490846,1.253693425,1.775048798,-1.929371232,
Curacao,CUW,GDP growth (annual %),NY.GDP.MKTP.KD.ZG,,,,-0.695753704,0.397065217,0.288186682,0.208461073,0.676425345,1.63593469,2.469963228,2.18804308,-0.531308242,0.082306609,0.508457482,-0.348950824,-0.635696908,-0.637397373,0.458151544,-1.067708487,-1.276208101,-2.104111331,-3.206131719,-18.43847035,4.183711931,7.923,4.202,
Cayman Islands,CYM,GDP growth (annual %),NY.GDP.MKTP.KD.ZG,,,,,,,,,,3.162625227,-0.357401201,-7.200482447,-2.715635262,1.169062198,1.229753657,1.27933102,2.654527985,2.833122226,3.239974339,3.184045923,4.267267452,3.915635342,-4.954806408,4.904929413,5.156329542,4.359675957,
Cyprus,CYP,GDP growth (annual %),NY.GDP.MKTP.KD.ZG,6.110882949,4.997954695,5.965304455,3.952562582,3.722974911,2.623299623,5.026272267,4.852987622,4.713783586,5.098226149,3.646989221,-2.015082037,2.282671001,0.416711868,-3.447381514,-6.587477511,-1.776058677,3.418920389,6.573590809,5.750832366,6.271663601,5.875595834,-3.220630186,11.38818927,7.204867807,2.763909754,3.448061704
Czechia,CZE,GDP growth (annual %),NY.GDP.MKTP.KD.ZG,-0.393150194,1.378360609,4.01066962,2.917219529,1.513459491,3.300836833,4.736339697,6.375028861,6.623172992,5.488825952,2.612268072,-4.798324167,2.714665099,1.772380853,-0.770668191,-0.041812416,2.245212199,4.958758489,2.580870139,5.1735653,2.830305883,3.565776581,-5.304879555,4.029018321,2.847170658,-0.05526182,1.120384627
Germany,DEU,GDP growth (annual %),NY.GDP.MKTP.KD.ZG,2.096161401,2.130116694,2.877245956,1.636540994,-0.228310224,-0.52992901,1.162368254,0.885697257,3.855736146,2.890107179,0.910403214,-5.545164545,4.14676755,3.757968845,0.474291321,0.386224592,2.169498898,1.652719787,2.294710664,2.716024546,1.116443109,0.98789335,-4.095137517,3.669999884,1.369731046,-0.266438401,-0.238526858
Djibouti,DJI,GDP growth (annual %),NY.GDP.MKTP.KD.ZG,,,,,,,,,,,,,,,,,7.192987285,7.308985635,7.123432337,5.458091517,4.774339349,5.545080812,1.202115173,4.407156676,5.166537029,7.372071487,5.953829989
Dominica,DMA,GDP growth (annual %),NY.GDP.MKTP.KD.ZG,3.774226839,0.354079012,2.340219321,-0.06384473,-3.087420524,5.804954686,4.097836623,0.915286473,4.400774798,5.357937558,7.121312178,-1.135751456,-0.105610858,0.042738888,-0.157391793,0.004503997,2.335217421,-3.373382625,1.447245565,-7.544363755,2.96401061,3.948097579,-15.70640245,5.37983839,10.39680766,3.652210122,2.052738473
Denmark,DNK,GDP growth (annual %),NY.GDP.MKTP.KD.ZG,2.326302745,2.967305363,3.724008995,0.950032246,0.456530019,0.441091007,2.776351807,2.35960883,3.816487699,0.987173816,-0.41717844,-4.974479057,1.582897031,1.310803761,-0.005432302,1.392673432,1.277999832,2.104414564,3.073045492,3.056477239,1.86000749,1.711400939,-1.780106018,7.382066334,1.540173074,2.495184345,3.67619735
Dominican Republic,DOM,GDP growth (annual %),NY.GDP.MKTP.KD.ZG,6.705855708,5.95651025,4.651725503,2.469370238,4.48650367,-1.349357448,2.585566674,9.43178932,9.17120651,7.418405778,3.268086713,1.00345293,8.401145412,3.191962275,2.775671008,4.934733007,7.111226297,6.987711312,6.719740787,3.933861764,7.097516402,4.894030115,-7.929052342,14.01242891,5.237956529,2.192298482,4.951696872
Algeria,DZA,GDP growth (annual %),NY.GDP.MKTP.KD.ZG,5.100003611,3.200001553,3.800000002,2.999999999,5.4,6.500000001,4.5,5.4,2.899999999,3.100000001,2.499999999,1.2,4.800000001,2.999999999,2.4,2.600000001,4.099999999,3.200000001,3.9,1.499999999,1.400000001,0.899999999,-4.999999999,3.799999999,3.600000001,4.1,3.299999999
East Asia & Pacific (excluding high income),EAP,GDP growth (annual %),NY.GDP.MKTP.KD.ZG,3.003646645,6.451333145,7.728795371,6.980591796,8.155154755,9.023983161,9.149139405,10.04938275,11.07030412,12.45174713,8.648825848,8.016032006,9.897952209,8.584803144,7.579137565,7.317536833,7.022979697,6.661428219,6.510077292,6.666690914,6.537190092,5.885793589,1.345288965,7.719798659,3.545375004,5.254778219,4.962599562
Early-demographic dividend,EAR,GDP growth (annual %),NY.GDP.MKTP.KD.ZG,2.457621999,2.336216165,4.371125418,1.140687049,1.920994099,5.173867015,6.191053375,5.895146273,6.071715558,5.713218197,3.450056566,0.723759607,6.503628779,4.978264999,4.208404756,4.071111318,4.134333178,4.413747216,4.403902718,4.648945068,3.841097654,2.387191247,-4.215304366,7.5064814,5.960194603,4.61090087,3.582461041
East Asia & Pacific,EAS,GDP growth (annual %),NY.GDP.MKTP.KD.ZG,0.491681234,3.777260466,5.438450954,3.318063685,4.43526865,5.005000871,5.900429691,5.95859981,6.485089961,7.485763496,4.435970155,2.62356696,7.618036873,5.458254619,5.20523371,5.273682802,4.802990053,4.720185771,4.646374698,5.049621897,4.784312839,4.043729245,-0.054128673,6.339735835,2.990471595,4.193954951,3.894593151
Europe & Central Asia (excluding high income),ECA,GDP growth (annual %),NY.GDP.MKTP.KD.ZG,2.348415892,-1.26356487,6.779109989,-0.101955758,6.403966105,6.59855951,9.534901502,8.46765773,8.182775201,7.150182801,3.047592665,-3.458620408,7.060405304,8.430007764,4.046616861,6.508565237,3.361947301,3.569412736,2.781793574,5.819172013,3.497398368,2.306489344,0.295023817,9.044767936,3.105834461,5.075840028,3.751939096
Europe & Central Asia,ECS,GDP growth (annual %),NY.GDP.MKTP.KD.ZG,2.610887963,2.912090918,4.381298626,2.247637636,1.575249037,1.814173397,3.195315648,2.710982603,3.909873116,3.645026754,0.998647542,-4.43339059,2.62556207,2.376611886,0.311077539,0.871564632,1.943633541,2.098006806,1.881967805,2.873175145,2.124173249,1.85681538,-5.407884962,6.766424481,3.30115667,1.069446516,1.515784511
Ecuador,ECU,GDP growth (annual %),NY.GDP.MKTP.KD.ZG,3.266529346,-4.739385854,1.091801647,4.206271857,4.928095496,2.884500365,6.832397366,5.39862244,4.341131986,1.902428597,6.564920682,1.09101297,4.02913788,8.481476563,5.783212336,7.211236537,4.226065204,0.119692109,-0.687954246,5.97039881,1.044294607,0.165404465,-9.245096192,9.42189269,5.868423549,1.98823814,-2.001254763
"Egypt, Arab Rep.",EGY,GDP growth (annual %),NY.GDP.MKTP.KD.ZG,5.575497461,6.053438785,6.37000383,3.535251974,2.390204026,3.193454737,4.092071611,4.471744472,6.843838194,7.087827427,7.156283566,4.6735998,5.147234858,1.764571949,2.226199799,2.185466054,2.91591188,4.372019078,4.346643456,4.181221,5.331108619,5.552093072,3.550164838,3.290646012,6.587845609,3.760280523,2.399169268
Euro area,EMU,GDP growth (annual %),NY.GDP.MKTP.KD.ZG,3.000841537,3.01034284,3.901856922,2.18534209,0.946997569,0.753370502,2.31219017,1.771918687,3.321601534,3.01150561,0.416501938,-4.482852041,2.121339133,1.778222735,-0.917843012,-0.169752039,1.452001039,2.141031946,1.822468563,2.597494935,1.770512572,1.627560572,-6.046391112,6.358447428,3.543154143,0.418696305,0.863297008
Eritrea,ERI,GDP growth (annual %),NY.GDP.MKTP.KD.ZG,1.772583091,0.013480096,-3.141985903,8.755435528,3.005429192,-2.655515925,1.451735566,2.574449551,-0.969217111,1.426822211,-9.783030018,3.876501528,2.194190349,8.679800101,,,,,,,,,,,,,
Spain,ESP,GDP growth (annual %),NY.GDP.MKTP.KD.ZG,4.301977453,4.408865453,5.200641256,3.919088808,2.755456116,2.939289595,3.11453148,3.551225585,4.043435156,3.533500132,0.767165748,-3.768133069,0.094122312,-0.639920637,-2.865113686,-1.427322248,1.520485936,4.060866725,2.915155986,2.896042079,2.395411245,1.961178508,-10.94007064,6.683144205,6.1793122,2.675663463,3.150195645
Estonia,EST,GDP growth (annual %),NY.GDP.MKTP.KD.ZG,4.339827612,-0.425025372,10.08763858,5.880745895,6.933000826,7.59630181,6.800701108,9.523053865,9.762571312,7.570918793,-5.125311543,-14.63022254,2.449750206,7.606974589,3.672018725,1.756493796,3.322789882,1.838152629,3.093019208,5.63467249,3.699697562,3.726649435,-2.883807515,7.154446763,0.060430517,-3.023038745,-0.26100621
Ethiopia,ETH,GDP growth (annual %),NY.GDP.MKTP.KD.ZG,-3.458139134,5.162145821,6.07321748,8.301306321,1.514725706,-2.161359722,13.57260314,11.81876595,10.83472707,11.456167,10.78852169,8.802553198,12.55053835,11.17829623,8.647811633,10.58227005,10.25749296,10.39246302,9.433482658,9.564189658,6.816147786,8.364085733,6.059530891,5.641530693,5.321759884,6.594245994,7.316691128
European Union,EUU,GDP growth (annual %),NY.GDP.MKTP.KD.ZG,2.981739238,3.004099455,3.933976003,2.161356845,1.09791361,0.937146012,2.600214928,1.983823042,3.564945109,3.142149391,0.623252927,-4.312150646,2.184519502,1.961200975,-0.761785439,-0.035674675,1.629358062,2.370479841,1.946116118,2.794143052,2.054041412,1.877158567,-5.573432884,6.357135857,3.492143847,0.455502396,1.025367827
Fragile and conflict affected situations,FCS,GDP growth (annual %),NY.GDP.MKTP.KD.ZG,4.951753961,3.105828286,5.426591669,4.134743813,4.794997211,1.104772999,11.31062131,5.877944434,5.809888132,5.991503356,5.05209753,3.02671808,7.035351838,0.090029093,5.586972332,3.500430507,2.338408578,0.835340523,2.173370297,2.579468134,2.753263683,2.325652647,-5.024709608,2.481964111,1.256439533,1.973618938,1.669681038
Finland,FIN,GDP growth (annual %),NY.GDP.MKTP.KD.ZG,5.454270218,4.389280704,5.753737705,2.640262057,1.687326444,2.011799927,4.005379523,2.777309185,4.019573265,5.312801767,0.784431236,-8.076031166,3.168287912,2.390394554,-1.52284013,-0.979741025,-0.478068425,0.466503766,2.571934149,3.303370036,1.192977597,1.349738457,-2.491036055,2.676346415,0.763041913,-0.946904863,-0.154214821
Fiji,FJI,GDP growth (annual %),NY.GDP.MKTP.KD.ZG,1.300000452,8.799998719,-1.699998416,2.000000147,3.199999114,0.999999345,5.299999705,0.700000402,1.852483872,-0.85065431,1.03279422,-1.386037708,2.954672422,2.705143029,1.411314382,4.73421949,5.603514406,4.50120041,2.445651797,5.35336456,3.812351222,-0.581946709,-17.03866737,-4.881036196,19.79272669,7.524291351,3.828998887
France,FRA,GDP growth (annual %),NY.GDP.MKTP.KD.ZG,3.452594343,3.399308088,4.140999964,1.899467012,1.067750271,0.967827183,2.868250525,1.888565841,2.714064488,2.530481884,0.380171436,-2.824551537,2.00032476,2.437576537,0.183835265,0.781756446,0.997832947,1.066754748,0.860031075,2.08361486,1.645908724,2.027446464,-7.440645899,6.882337834,2.570840476,0.936487519,1.166138515
Faroe Islands,FRO,GDP growth (annual %),NY.GDP.MKTP.KD.ZG,,,,,,,,,,,,-4.553298241,-0.379817991,3.566363179,7.081483445,5.856143897,5.432142068,0.958001934,1.386447959,3.512013675,2.763709523,4.538510287,-1.63732118,5.504380173,3.556023804,2.489058117,
"Micronesia, Fed. Sts.",FSM,GDP growth (annual %),NY.GDP.MKTP.KD.ZG,2.85051586,1.37443839,4.833903786,2.167602441,0.546997672,1.572115067,-3.080153047,2.041867164,-0.081055293,-1.836185294,-2.408492587,1.093099241,2.259389956,3.188574755,-1.866819755,-3.679767791,-2.305775745,4.621884004,0.484101802,0.823045267,0,4.081632653,-1.672954171,3.099704573,-2.905865806,0.482147762,0.719083512
Gabon,GAB,GDP growth (annual %),NY.GDP.MKTP.KD.ZG,3.477833587,-8.932622802,-1.882966398,2.135233422,-0.249033169,2.247330012,0.689543058,2.676203333,-2.806578356,6.008108025,-3.308430649,0.13033112,7.089887315,7.091753343,5.251076918,5.638699003,4.314964441,3.878899395,2.091442208,0.472642031,0.837916581,3.920808795,-1.837761064,1.467957315,3.037614495,2.445880831,3.383907608
United Kingdom,GBR,GDP growth (annual %),NY.GDP.MKTP.KD.ZG,3.402658228,3.05832327,4.341634193,2.57278044,1.795660741,3.152346519,2.457904438,2.732660767,2.380694035,2.624879953,-0.248797261,-4.620553708,2.233315088,1.138362398,1.508998347,1.799921497,3.194637319,2.222888423,1.921710099,2.656504876,1.40519026,1.62447518,-10.29691886,8.575950874,4.839085179,0.397082346,1.100667866
Georgia,GEO,GDP growth (annual %),NY.GDP.MKTP.KD.ZG,3.101509696,2.867295675,1.840381179,4.807298672,5.474024887,11.057031,5.792682927,9.591138329,9.421480812,12.57556982,2.42161441,-3.650752296,6.246408653,7.934336525,6.57883102,5.132885312,4.090490596,3.351023503,3.45021518,5.159902617,6.062036413,5.380719266,-6.290471785,10.64423366,10.95853214,7.832201266,9.428572202
Ghana,GHA,GDP growth (annual %),NY.GDP.MKTP.KD.ZG,4.700390784,4.399996825,3.700000082,4.000000128,4.499999559,5.200000133,5.599999991,5.900003819,6.399912606,4.346819104,9.149798938,4.844487052,7.899711941,14.04712358,9.292789406,7.312525017,2.856240163,2.120759338,3.37346575,8.128894881,6.200077681,6.507774794,0.513941671,5.076466435,3.80484981,3.140090998,5.684872604
Gibraltar,GIB,GDP growth (annual %),NY.GDP.MKTP.KD.ZG,,,,,,,,,,,,,,,,,,,,,,,,,,,
Guinea,GIN,GDP growth (annual %),NY.GDP.MKTP.KD.ZG,3.644121242,3.812004033,2.503060563,3.658346469,5.164609467,1.248601259,2.340117313,2.997272563,1.189602117,6.817471111,4.13301616,-1.122642048,4.81336017,5.612111774,5.915286261,3.945687086,3.696553117,3.825910569,10.8206272,10.30000534,6.358491927,5.616914469,4.704590961,5.582332811,3.972407842,5.541726686,5.668523935
"Gambia, The",GMB,GDP growth (annual %),NY.GDP.MKTP.KD.ZG,3.499998702,6.39999905,5.500000216,5.800000243,-3.25000015,6.869999622,7.050000001,-2.351729362,-0.555580977,3.043249508,6.255905534,6.665724308,5.90833581,-8.130444223,5.241569246,2.87276879,-1.407382495,4.058073804,1.943359655,4.822611249,7.234890333,6.22205316,0.591487288,5.255968788,5.492998255,4.797508945,5.746717655
Guinea-Bissau,GNB,GDP growth (annual %),NY.GDP.MKTP.KD.ZG,-22.44572707,16.81502127,1.100278158,4.78597165,3.653936036,-0.285931052,1.171891523,6.559771118,2.666504933,2.559826471,4.524575146,2.447951061,5.605363114,8.085041672,-1.712869584,3.256071909,0.964525746,6.134089362,5.432678265,4.663679439,3.761453596,5.565745336,2.128114901,5.237366406,5.58513728,4.463699361,4.813485952
Equatorial Guinea,GNQ,GDP growth (annual %),NY.GDP.MKTP.KD.ZG,23.77448233,25.66401544,18.21377996,63.37987543,19.46283404,13.95525032,37.99872686,16.74870061,7.704917607,15.28211392,17.79910913,1.343356288,-8.924175889,6.52392363,8.312871844,-4.133198501,0.415066302,-9.110041149,-8.816417232,-5.667508505,-6.236544067,-5.481825379,-4.791080834,0.860269956,3.223508317,-5.089308721,0.907248246
Greece,GRC,GDP growth (annual %),NY.GDP.MKTP.KD.ZG,3.436935797,2.658785623,4.137826994,4.650414594,4.683137271,5.796822743,5.377866346,1.183506355,6.443397625,3.506869766,0.057474024,-4.119276067,-5.693741216,-9.876778753,-8.331134211,-2.272116999,0.792225061,-0.228301892,-0.031794768,1.473124727,2.064672079,2.277180653,-9.196231497,8.65449786,5.743649025,2.332124449,2.271736226
Grenada,GRD,GDP growth (annual %),NY.GDP.MKTP.KD.ZG,11.75350299,6.898362434,4.887952137,-2.023900041,3.43732353,9.463973431,-0.647450316,13.27618833,-3.995328244,6.123450947,0.947542625,-6.613281348,-0.511146187,0.76477355,-1.154838164,2.351098017,7.34212396,6.445223147,3.739603956,4.438675669,4.361440394,0.676511739,-13.75662226,4.687478169,7.320740616,4.679761816,3.693059328
Greenland,GRL,GDP growth (annual %),NY.GDP.MKTP.KD.ZG,7.757981745,1.377884445,7.101596882,1.269035079,-0.971177311,4.430045721,6.906582837,4.987491771,5.555694901,2.352437981,6.166132702,0.865952329,1.735825059,-0.496519392,1.39419336,-1.298280693,4.742135673,-2.529318024,4.68195411,0.052728183,0.623065429,2.832177568,0.250789762,1.63409411,2.004555809,0.865961987,
Guatemala,GTM,GDP growth (annual %),NY.GDP.MKTP.KD.ZG,4.993527803,3.847062189,3.608868717,2.332574866,3.839287086,2.560377668,3.137916836,3.276026926,5.351397787,6.33771869,3.293524,0.476898107,2.884175428,4.163906883,2.974708568,3.694819024,4.44397783,4.092170721,2.677802733,3.079851271,3.406873465,4.017897934,-1.785551945,8.041703837,4.184518087,3.533156701,3.651864629
Guam,GUM,GDP growth (annual %),NY.GDP.MKTP.KD.ZG,,,,,,0.879314135,6.493789497,3.642316349,-3.652517275,0.717213115,2.034587996,0.438683948,2.263251936,0.077654824,2.13385063,1.690408357,1.793051924,0.825688073,0.181983621,0.890099909,-0.828231905,2.523602033,-10.51885957,2.058183257,5.099864262,,
Guyana,GUY,GDP growth (annual %),NY.GDP.MKTP.KD.ZG,-1.679104492,2.960151803,-1.363803903,2.279521659,1.132626962,-0.632225388,1.56335211,-1.950957595,5.129609348,7.191236241,1.755223496,3.611508472,4.138441601,5.196251561,5.27633062,3.653384333,1.68649445,0.687404591,3.807456264,3.734491546,4.440912885,5.352840035,43.47965172,20.05999756,63.33463437,33.79501112,43.37200948
High income,HIC,GDP growth (annual %),NY.GDP.MKTP.KD.ZG,2.721560513,3.576256896,4.261059148,1.595778147,1.63869613,2.293912926,3.523506605,2.996503432,3.250060486,2.863863761,0.67489657,-3.354417911,3.036496554,2.047510047,1.458739795,1.612210029,2.152438531,2.34360859,1.826358942,2.472115168,2.368536263,1.913669413,-3.874515987,5.843371454,3.00327835,1.821328486,1.926998288
"Hong Kong SAR, China",HKG,GDP growth (annual %),NY.GDP.MKTP.KD.ZG,-5.882661158,2.50669454,7.663408266,0.560881672,1.656706114,3.056293686,8.700047463,7.388176319,7.032624791,6.464864119,2.127920936,-2.459140986,6.767665817,4.814681001,1.700293803,3.101516964,2.762430301,2.387783395,2.175436928,3.796113581,2.846934576,-1.672395165,-6.544783202,6.454424733,-3.683751417,3.214489017,2.541197539
Honduras,HND,GDP growth (annual %),NY.GDP.MKTP.KD.ZG,3.590233034,-0.735651085,7.291288159,2.723193273,3.754337861,4.547038052,6.232302961,6.050599222,6.567243552,6.188327167,4.23160011,-2.43162788,3.731140344,3.835690662,4.128687749,2.791559757,3.058080562,3.840079971,3.892972197,4.842913911,3.84499477,2.559634346,-8.965082233,12.56528438,4.14356194,3.575847605,3.553970033
Heavily indebted poor countries (HIPC),HPC,GDP growth (annual %),NY.GDP.MKTP.KD.ZG,3.524363121,3.093224627,2.871516966,3.6364846,3.909598306,3.969580897,5.7950794,5.662330828,5.833014323,5.437068518,5.642563555,3.596906745,6.182407701,4.576659077,3.997934808,5.692567936,5.609676398,4.926056062,4.450955328,5.0267872,4.234449959,4.467945975,0.239495193,4.241882915,4.992135935,3.481205558,5.243779523
Croatia,HRV,GDP growth (annual %),NY.GDP.MKTP.KD.ZG,2.251677853,-0.848694322,2.945252995,3.111234879,5.803328517,5.568372671,4.170484873,4.327076522,5.081465904,5.048886209,1.968590093,-6.813956178,-1.334081524,-0.097751453,-2.253745581,-0.125449826,-0.557150197,2.323175158,3.461129474,3.280958121,2.904681493,3.100439114,-8.311642579,12.63170033,7.287936432,3.302544881,3.814945217
Haiti,HTI,GDP growth (annual %),NY.GDP.MKTP.KD.ZG,2.18184033,2.71024801,0.870059259,-0.342747883,1.051820135,3.480779732,-1.31785676,3.072173377,1.768750603,4.70652994,2.658032308,5.890378948,-5.651511534,5.098213544,0.502424404,4.324784115,2.888772509,1.400000009,1.812468078,2.510271345,1.667810955,-1.723096998,-3.30550547,-1.798239889,-1.681983969,-1.863884203,-4.169633958
Hungary,HUN,GDP growth (annual %),NY.GDP.MKTP.KD.ZG,3.848108144,3.086058116,4.409375018,4.062026172,4.730065308,3.938777612,4.963125362,4.300283185,3.933931627,0.332354338,0.993437085,-6.740166085,1.067950682,1.916709166,-1.339484465,2.032169907,4.334353641,3.659816154,2.438641413,4.124183895,5.606138138,5.077184951,-4.3387254,7.222915808,4.270347552,-0.842528841,0.512305791
IBRD only,IBD,GDP growth (annual %),NY.GDP.MKTP.KD.ZG,2.707773988,3.779484466,5.933845149,3.640529471,4.623903355,5.991292155,7.654986369,7.227175629,8.313387631,8.959548365,5.941472961,2.831303203,7.827342316,6.368346741,5.460263133,5.238218046,4.843405268,4.385941657,4.54607502,5.229673026,4.959699893,4.038930981,-1.249100268,7.624248969,3.735622516,4.82049142,4.313820387
IDA & IBRD total,IBT,GDP growth (annual %),NY.GDP.MKTP.KD.ZG,2.770885386,3.704022505,5.762620471,3.673933122,4.695698115,5.902335396,7.576755979,7.142792834,8.127063423,8.711275412,5.869777137,3.00988395,7.693744608,6.195317001,5.29918721,5.23919436,4.888260158,4.312034254,4.446219402,5.133629351,4.913963334,4.036007543,-1.219681221,7.384404843,3.782779701,4.685911207,4.306754137
IDA total,IDA,GDP growth (annual %),NY.GDP.MKTP.KD.ZG,3.445251334,2.903435238,3.930607309,4.035966101,5.470861162,4.949588173,6.730574172,6.222158004,6.074991767,5.919234483,5.040352949,5.060638843,6.192112902,4.220522928,3.422936582,5.250790717,5.420404184,3.440019614,3.257274426,3.975798545,4.355948456,4.000133396,-0.858539024,4.451726221,4.376904626,3.000776529,4.216711516
IDA blend,IDB,GDP growth (annual %),NY.GDP.MKTP.KD.ZG,2.792865888,2.029780684,3.523842062,3.969179412,6.397738454,4.52360874,7.381177822,5.967623258,5.722500907,5.422509524,4.174231345,5.882656015,5.942654852,4.197790039,4.505150885,5.672455603,5.743760338,3.836712022,2.274977421,2.771253007,3.865219105,3.020933527,-1.418325389,5.264579167,4.365410161,2.736966647,3.870820166
Indonesia,IDN,GDP growth (annual %),NY.GDP.MKTP.KD.ZG,-13.12672549,0.791126082,4.920067747,3.643466447,4.499475391,4.780369122,5.030873945,5.692571304,5.500951785,6.345022227,6.0137036,4.628871183,6.223854181,6.169784208,6.030050653,5.557263689,5.006668426,4.8763223,5.033069183,5.069785901,5.17429154,5.01928768,-2.065511829,3.702885628,5.307197227,5.049023318,5.030344694
IDA only,IDX,GDP growth (annual %),NY.GDP.MKTP.KD.ZG,4.158695499,3.846329327,4.361930501,4.10532889,4.509491221,5.399402818,6.049275252,6.492049214,6.446908341,6.439767199,5.939312922,4.248018768,6.442586063,4.243241119,2.341893554,4.820678878,5.088604848,3.030431452,4.27944114,5.205140873,4.845193389,4.967246492,-0.315913886,3.672506495,4.388092702,3.257498651,4.551613004
Isle of Man,IMN,GDP growth (annual %),NY.GDP.MKTP.KD.ZG,13.50000596,13.69999702,5.300001526,5.399999031,6.199998195,5.999999688,5.200003104,5.899999336,7.699998713,7.50000023,4.900001001,2.100000272,3.399998424,1.999999382,7.303891085,4.141861588,5.155099837,-0.385866882,6.952302849,2.837758071,2.213397539,0.254877847,-8.836816975,3.837836323,-4.165393452,,
India,IND,GDP growth (annual %),NY.GDP.MKTP.KD.ZG,6.184415822,8.845755559,3.840991157,4.823966266,3.803975321,7.860381476,7.922936612,7.923430621,8.060732572,7.660815067,3.086698059,7.861888833,8.497584702,5.241316199,5.456387552,6.386106401,7.410227605,7.996253786,8.256305502,6.795383419,6.453851345,3.871436941,-5.777724707,9.689592492,7.609364978,9.19075493,6.48422363
Not classified,INX,GDP growth (annual %),NY.GDP.MKTP.KD.ZG,,,,,,,,,,,,,,,,,,,,,,,,,,,
Ireland,IRL,GDP growth (annual %),NY.GDP.MKTP.KD.ZG,8.766126228,10.52988463,9.403524643,5.305821773,5.899366449,3.013837929,6.788138942,5.739782666,4.987854805,5.31011673,-4.484069567,-5.095781788,1.682972271,1.648774004,-0.398960482,2.192176195,9.33603375,24.6155699,1.222638492,10.04962848,7.544342141,5.040549962,7.1578988,16.25561352,8.619503456,-5.530007389,1.221334299
"Iran, Islamic Rep.",IRN,GDP growth (annual %),NY.GDP.MKTP.KD.ZG,2.08001178,2.002696233,5.845527476,2.392172712,8.078829279,8.639298396,4.336665983,3.189804081,4.999795269,8.155773518,0.250856553,1.007385463,5.797938296,2.64571792,-3.747171399,-1.521979205,4.984775067,-1.424884939,8.815086643,2.758505246,-1.838007571,-3.070587985,3.330288459,4.719777732,3.776631402,5.044890195,3.040000309
Iraq,IRQ,GDP growth (annual %),NY.GDP.MKTP.KD.ZG,35.00096762,17.58017037,16.79613444,1.766608766,-8.203704812,-36.65678044,53.38554729,1.675228636,5.638299152,1.888539362,8.228107104,3.379299094,6.402564845,7.5464712,13.93643017,7.628285923,2.263688176,2.606766429,13.78737302,-1.819750351,2.633850991,5.513790575,-12.03679309,1.50218071,7.95904805,0.517705525,-1.545251983
Iceland,ISL,GDP growth (annual %),NY.GDP.MKTP.KD.ZG,7.363392805,4.03492994,4.98504276,4.013497544,0.559519096,2.142688374,7.802399454,6.124439054,6.316993022,8.454860104,2.209496413,-7.66380952,-2.832774923,1.845779149,1.063636596,4.552460289,1.687215035,4.436663739,6.303687125,4.194948789,4.889173002,1.861177946,-6.940453068,5.033406131,8.978970852,5.646461819,0.516863122
Israel,ISR,GDP growth (annual %),NY.GDP.MKTP.KD.ZG,4.111963962,3.297279807,8.582089424,0.277927327,-0.134072635,1.449057694,4.647897444,4.38778887,5.601626982,6.323349505,3.222096,1.237731597,5.534340339,5.518796214,2.447168367,4.085709186,3.775828432,2.237603175,4.459782719,4.346931167,4.003898622,3.710496328,-2.021615482,9.388374034,6.263263438,1.826520495,0.871968424
Italy,ITA,GDP growth (annual %),NY.GDP.MKTP.KD.ZG,1.804373282,1.677991579,3.882098851,2.006433298,0.269929664,0.066553809,1.474021706,0.762410677,1.799479922,1.462292053,-1.023138512,-5.305154012,1.529105732,0.695463154,-3.125238773,-1.818025107,-0.001387617,0.885667635,1.236221085,1.603699953,0.826646712,0.429162534,-8.868221222,8.931062108,4.821176699,0.715372501,0.72579238
Jamaica,JAM,GDP growth (annual %),NY.GDP.MKTP.KD.ZG,-2.334553543,1.047673871,0.878703548,1.344929564,1.997290944,3.666317593,1.3237251,0.893797936,2.89912535,1.431954037,-0.811736703,-4.345301858,-1.457147209,1.730376267,-0.61363604,0.517686013,0.689822357,0.921487125,1.375223064,0.997123062,1.889923681,0.892291654,-9.920322451,4.6014245,5.221519852,2.604663055,-0.718806912
Jordan,JOR,GDP growth (annual %),NY.GDP.MKTP.KD.ZG,3.01217269,3.389530794,4.245711921,5.269957575,5.783807927,4.161667555,8.567214242,8.146594811,8.092975278,8.176169952,7.220386373,5.023710073,2.314834221,2.737179886,2.429358001,2.609947375,3.384078099,2.496528793,1.994180849,2.473598154,1.919070913,1.751240779,-1.102751883,3.65564359,2.647435149,2.884083393,2.488894096
Japan,JPN,GDP growth (annual %),NY.GDP.MKTP.KD.ZG,-1.270330495,-0.333929958,2.764647551,0.386103426,0.041962499,1.535125499,2.186115694,1.803900872,1.372350128,1.483969412,-1.224289001,-5.693236359,4.097917919,0.023809524,1.374750999,2.005100177,0.296205514,1.560626697,0.753826746,1.675331752,0.643391024,-0.402169201,-4.168764571,2.696574042,0.941998775,1.475034811,0.083698564
Kazakhstan,KAZ,GDP growth (annual %),NY.GDP.MKTP.KD.ZG,-1.899999999,2.699999998,9.800000002,13.5,9.8,9.3,9.600000001,9.699999999,10.7,8.9,3.3,1.199999999,7.300000003,7.400000001,4.799999995,5.999999997,4.200000006,1.200000001,1.099999999,4.100000003,4.099999993,4.500000001,-2.499999996,4.299999997,3.2,5.1,4.8
Kenya,KEN,GDP growth (annual %),NY.GDP.MKTP.KD.ZG,3.290213722,2.305388595,0.599695391,3.779906498,0.54685953,2.932475546,5.104299776,5.90666608,6.4724943,6.85072977,0.232282745,3.306939816,8.058473603,5.12110612,4.568679614,3.797848393,5.020111002,4.967721128,4.213517068,3.837958174,5.647946407,5.114158858,-0.272766327,7.590489473,4.859981043,5.555873013,4.496498285
Kyrgyz Republic,KGZ,GDP growth (annual %),NY.GDP.MKTP.KD.ZG,2.121835285,3.6557894,5.443336633,5.321621412,-0.017324613,7.030293197,7.026812425,-0.175515404,3.102898742,8.542874775,8.401616049,2.886294575,-0.471566597,5.956274297,-0.0881502,10.91546945,4.024038631,3.875825445,4.335855922,4.739937224,3.757910136,4.600625657,-7.148977577,5.507007627,8.9675052,9.013292834,9.040135561
Cambodia,KHM,GDP growth (annual %),NY.GDP.MKTP.KD.ZG,4.681632104,12.70538114,9.993580323,7.389710651,6.265072805,10.28368131,9.457694811,13.30333384,10.94336007,10.3984581,7.476366066,4.074778506,5.076918432,7.286658139,7.650256579,7.857499755,8.000320746,7.207034725,7.905501161,8.075039155,8.776223762,7.936950136,-3.555721934,3.089842842,5.129901108,5.007330438,6.015814574
Kiribati,KIR,GDP growth (annual %),NY.GDP.MKTP.KD.ZG,4.442273992,-3.914231905,6.742665313,-3.144129178,1.447154942,-1.575466892,-0.608967597,1.292430295,5.776934498,3.055079816,-2.984731216,0.536801195,1.225951989,3.263727195,5.803659746,7.730921887,1.26366268,11.26532094,7.088034658,3.749117826,3.479439721,3.264287565,-1.468067181,8.479737871,4.566325931,2.652010875,5.266899264
St. Kitts and Nevis,KNA,GDP growth (annual %),NY.GDP.MKTP.KD.ZG,-0.486745779,3.219886422,10.04280842,5.25344983,1.367715073,-3.93339486,3.996346661,9.732820703,3.1503812,0.600602327,11.31703583,-3.404740154,-0.054194207,1.616607304,-0.737636737,5.727280872,7.576966023,0.694135528,3.932703193,0.220941147,2.003525498,2.938246581,-15.30188917,0.367606879,10.34240405,4.328557716,1.166440229
"Korea, Rep.",KOR,GDP growth (annual %),NY.GDP.MKTP.KD.ZG,-5.129448165,11.46694243,9.060833325,4.852399572,7.725142675,3.147291194,5.197391363,4.308542714,5.264326595,5.799548415,3.012984873,0.79269899,6.804824918,3.685667782,2.402530992,3.164708636,3.202453795,2.809103268,2.946881715,3.15963574,2.907403774,2.24397786,-0.709415359,4.304734819,2.612672192,1.356733243,
Kuwait,KWT,GDP growth (annual %),NY.GDP.MKTP.KD.ZG,3.662054728,-1.789009125,4.694581871,0.213332576,3.014283152,17.32602042,10.24029806,10.60904498,7.514773,5.991575511,2.479756943,-7.076056431,-2.370548047,9.628634129,6.625875037,1.149465343,0.500914739,0.592770733,2.926075877,-4.712222701,2.743330539,2.263816906,-4.817789823,1.672636896,6.758667047,-1.667205897,-2.560111133
Latin America & Caribbean (excluding high income),LAC,GDP growth (annual %),NY.GDP.MKTP.KD.ZG,2.744870797,0.491789118,3.618532572,0.142656096,0.335544699,2.386992167,5.283986604,3.98865051,5.230210381,5.303449096,3.729333496,-2.423335427,6.687643904,4.426453832,2.343375308,2.769423716,1.269878816,0.252793335,-0.540931679,1.977349704,1.552546371,0.600027444,-6.523609091,6.870404453,3.85173953,2.188569461,2.012113862
Lao PDR,LAO,GDP growth (annual %),NY.GDP.MKTP.KD.ZG,3.967608092,7.306376071,5.798782329,5.75141288,5.918743684,6.067002303,6.35769548,7.107568368,8.619266208,7.596828801,7.824902763,7.501774912,8.526905517,8.03865268,8.026098435,8.026300227,7.61196344,7.270065844,7.022836255,6.892530873,6.247960008,5.457735092,0.503031829,2.528351005,2.707426526,3.745681402,4.258257247
Lebanon,LBN,GDP growth (annual %),NY.GDP.MKTP.KD.ZG,3.665723785,-0.525584635,1.34187162,3.839669277,3.423149828,3.227098269,6.679444616,2.68577931,1.549515001,9.310622526,9.069128268,10.23215558,7.975135558,0.867339879,2.564791337,3.827873499,2.484060105,0.462320793,1.554549409,0.903028464,-1.884705756,-6.914924729,-21.39989969,-7.001238625,-0.621678971,-0.76058447,
Liberia,LBR,GDP growth (annual %),NY.GDP.MKTP.KD.ZG,30.20812737,21.7414468,28.61593425,2.920274766,3.763017617,-30.14513273,2.619846895,5.281212453,8.043909972,9.535275363,7.145691128,5.300540503,6.09982524,8.200768225,7.993814446,8.687287816,0.7013931,-0.01856497,-1.554958617,2.45515592,1.157575122,-2.467297635,-2.982491276,4.986712835,4.808105173,4.683756888,4.792914822
Libya,LBY,GDP growth (annual %),NY.GDP.MKTP.KD.ZG,-3.552244747,0.749659258,3.679270408,-1.762838871,-0.958897333,13.01603725,4.461638996,11.87075652,6.50052542,6.229982786,-0.162048239,-4.400181763,5.027247672,-50.33851514,86.82674844,-17.99796157,-23.04280583,-0.842656252,-1.490941117,32.49180219,7.941367853,-11.19608289,-29.45529673,28.33346246,-8.251630041,10.15581818,-0.605832527
St. Lucia,LCA,GDP growth (annual %),NY.GDP.MKTP.KD.ZG,6.286471215,2.670603511,0.048748554,-3.408063962,0.416450493,4.264611487,7.26740887,-0.410304726,6.195257291,1.691618574,4.94932194,-2.828899548,0.330018546,4.326942805,-0.108756148,-1.818776037,1.328090221,0.101917836,3.427872145,3.379826173,2.886779022,-0.700322396,-24.36147321,11.59878358,20.38844318,2.209882765,3.891750242
Latin America & Caribbean,LCN,GDP growth (annual %),NY.GDP.MKTP.KD.ZG,2.983976443,0.685771105,3.619158977,0.45495028,0.465369464,2.460661652,5.439647009,3.938532584,5.13775805,5.190328727,3.645692253,-2.278782381,6.388530599,4.4029471,2.568163684,2.755770119,1.33283382,0.403256653,-0.336758315,1.882573868,1.58926392,0.682798838,-6.617724975,7.082073772,3.968984133,2.253041576,2.265258831
Least developed countries: UN classification,LDC,GDP growth (annual %),NY.GDP.MKTP.KD.ZG,4.040101075,4.065709733,4.34518722,4.882870106,5.345843676,5.091059206,6.480803829,7.506275797,6.86044337,7.251439729,6.457939716,4.224853561,6.274673805,3.32274316,3.199337577,5.759126734,5.481031169,2.809399607,3.731999893,4.546304732,4.643983667,5.101977814,-0.099896524,2.821341743,4.773151155,3.052220268,3.863854857
Low income,LIC,GDP growth (annual %),NY.GDP.MKTP.KD.ZG,4.775018228,2.391379281,2.915099533,3.973828648,5.298116353,5.618151967,5.736076263,6.244498745,5.409409864,5.537310596,4.998063243,3.445596645,6.488414505,-0.170234733,-4.562270406,2.362875262,3.074877244,-2.102618442,0.694857096,1.787204711,2.769299758,3.455661893,-1.044167005,1.267428941,3.636677631,-0.202242108,2.332101941
Liechtenstein,LIE,GDP growth (annual %),NY.GDP.MKTP.KD.ZG,7.761262837,10.4109232,3.220193082,-0.733092455,-0.993919947,-1.937565341,3.039172103,4.828076777,8.644968573,3.325963509,1.798088478,-1.15748292,,,,,,,,,,,,,,,
Sri Lanka,LKA,GDP growth (annual %),NY.GDP.MKTP.KD.ZG,4.698423048,4.300540498,6.000033158,-1.545408134,3.964675685,5.940269078,5.445061279,6.241748044,7.668291901,6.796826119,5.950088145,3.538912053,8.01596737,8.669483012,8.63218138,4.051746329,6.377978893,4.205955477,5.05362489,6.460681271,2.310084255,-0.220483887,-4.624515037,4.207476495,-7.349193013,-2.32984819,5.00871931
Lower middle income,LMC,GDP growth (annual %),NY.GDP.MKTP.KD.ZG,4.521242577,5.357751357,4.203450988,4.337122594,4.512888488,5.943934382,7.095559103,6.699936105,6.966164001,6.891186145,4.583068666,5.953622594,6.853862538,4.757949918,5.172215797,5.677096097,6.125455215,5.933848493,5.688139515,5.453138164,5.434405272,4.070698133,-3.601667273,6.657983486,6.127844151,6.016327848,5.132162544
Low & middle income,LMY,GDP growth (annual %),NY.GDP.MKTP.KD.ZG,3.344858523,3.667502123,5.573938127,3.643917352,4.799245901,5.93458618,7.678346211,7.36814665,8.217432519,8.840576674,5.940122692,4.019208771,8.159129849,6.361383746,5.487118708,5.618805954,5.193792967,4.706413747,4.738206248,5.319627721,5.009758985,4.136591408,-1.057443274,7.414215085,3.959051158,4.817737594,4.333464982
Lesotho,LSO,GDP growth (annual %),NY.GDP.MKTP.KD.ZG,1.537655894,0.476025052,3.875546776,3.561581834,0.723836067,4.559777164,1.692374174,3.466122228,4.230095228,4.1879141,5.52341967,-1.253757799,5.269670781,4.616413945,6.334083747,1.792525556,1.710549905,3.12406678,3.608907317,-3.138174937,-1.480633158,-1.417993831,-8.155958799,2.26671067,2.387780202,1.826625259,2.762238185
Late-demographic dividend,LTE,GDP growth (annual %),NY.GDP.MKTP.KD.ZG,2.875289958,4.663948433,7.031921775,5.194782192,6.051842119,6.88134627,8.201511372,7.794959508,9.29300596,10.20445433,6.957459916,3.741216848,8.033159407,7.160762083,5.827597714,5.644043857,5.28099063,4.700943358,4.447474257,5.302069821,5.441093004,4.745541394,0.30369378,7.586253216,3.302867065,4.353489185,4.453015101
Lithuania,LTU,GDP growth (annual %),NY.GDP.MKTP.KD.ZG,7.462937149,-1.09700818,3.418622066,6.484126652,6.719839451,10.55189596,6.502035361,7.731446758,7.395481225,11.07792826,2.599461546,-14.83861179,0.427199567,6.323636648,4.382905844,4.046913186,3.772543796,2.832806433,2.671922151,4.612243103,4.918367801,4.677351835,0.042815834,6.380016062,2.53752574,0.342262716,2.772631245
Luxembourg,LUX,GDP growth (annual %),NY.GDP.MKTP.KD.ZG,6.674512907,8.175181849,6.938129761,3.07435551,3.225417823,2.619378614,4.231889288,2.482874985,6.016715401,8.09866723,-0.300175625,-3.238954091,3.760414543,1.044298553,1.649902128,3.1717899,2.623086792,2.269784233,4.978190115,1.317187138,1.611295613,2.749319291,-0.510051634,6.929734258,-1.095053512,-0.693632728,1.031616713
Latvia,LVA,GDP growth (annual %),NY.GDP.MKTP.KD.ZG,6.550002648,2.818404559,5.841026424,6.460578267,7.665487786,8.429132571,8.725143417,11.61531786,12.82501785,10.41453728,-3.388716658,-16.04001953,-3.661258596,3.036344827,7.305240572,2.096090282,2.094959771,3.783367121,2.55168602,3.398948726,4.309712863,0.675372772,-3.469227508,6.942541731,1.80677198,2.854218001,-0.442491126
"Macao SAR, China",MAC,GDP growth (annual %),NY.GDP.MKTP.KD.ZG,-4.570923497,-2.358545178,5.746591005,2.888150254,8.910875674,11.64050662,26.63098454,8.075231306,13.39059328,14.47649617,3.391296513,1.274378235,25.12278818,21.61646948,9.242144596,10.75289299,-2.048378141,-21.51429324,-0.679183618,9.860051514,6.405279157,-2.56341515,-54.33610627,23.53589132,-19.60934493,75.06185714,8.808159685
St. Martin (French part),MAF,GDP growth (annual %),NY.GDP.MKTP.KD.ZG,,,,,,,,,,,,,,,,,,1,5,-8.00000324,-7.999995069,6.500003637,-12.50000225,4.899999671,,,
Morocco,MAR,GDP growth (annual %),NY.GDP.MKTP.KD.ZG,7.238552677,1.697061477,2.582180915,7.721825196,3.730197375,6.17110215,4.571380165,3.19224973,7.79082001,3.441067767,5.684539363,3.745769401,3.499557094,5.524645233,3.062343685,4.122212869,2.71924408,4.344582976,0.521185506,5.057898162,3.06564133,2.890974761,-7.178207442,8.154738898,1.52720358,3.403341301,3.236513735
Monaco,MCO,GDP growth (annual %),NY.GDP.MKTP.KD.ZG,3.503265996,3.300538996,3.910229928,2.18773369,1.026497573,1.087536547,2.470482605,1.895414109,5.817648497,14.43751444,0.746871215,-11.33698658,2.065219627,7.022356946,1.012218412,9.577098324,7.187027775,4.910371765,3.008443588,-3.206183238,5.697901212,7.12088952,-13.23910483,22.23221559,11.04693943,5.043382592,
Moldova,MDA,GDP growth (annual %),NY.GDP.MKTP.KD.ZG,-6.542192077,-3.368254477,2.107716082,6.100000399,7.799999658,6.599999958,7.399999734,7.500000149,4.799999837,3.000000226,7.800000145,-6.000000264,7.100000107,5.818166147,-0.589733955,9.043865607,4.999625854,-0.338235622,4.646014363,4.175612051,4.075595466,3.552314085,-8.27597832,13.92999979,-4.6,1.2,0.103059412
Madagascar,MDG,GDP growth (annual %),NY.GDP.MKTP.KD.ZG,3.917074605,4.699227037,4.45685894,5.98023577,-12.40797111,9.784892125,5.257003622,4.755845095,5.398508449,5.710564199,6.712632539,-3.978708612,0.619239745,1.578427054,3.011148116,2.300376228,3.339203112,3.132298075,3.993146062,3.933307595,3.194356517,4.411232129,-7.137671621,4.650683432,4.156097784,4.203046158,4.2
Maldives,MDV,GDP growth (annual %),NY.GDP.MKTP.KD.ZG,7.494683157,6.175655827,3.845810232,-3.943634289,7.26838641,13.75004966,5.924892583,-11.17730977,23.6302721,7.133380234,8.976454605,-8.34069876,6.785467909,8.843425945,2.389288126,6.974962268,7.860686372,3.868135336,6.375283031,7.074428717,8.568955597,6.923059808,-32.90882873,37.50787,13.82608953,4.72639195,5.133962231
"Middle East, North Africa, Afghanistan & Pakistan",MEA,GDP growth (annual %),NY.GDP.MKTP.KD.ZG,4.166029495,2.788258398,6.368455407,1.962332904,2.086474278,4.70268381,7.941969669,5.288064929,5.991181429,5.231341454,4.37559202,1.113226795,4.807314286,3.794015085,3.965315143,2.42430208,3.072011077,2.727504608,4.484584976,2.244334425,2.610824091,1.486010942,-3.307831184,5.084887969,6.377450359,2.153758249,1.941874904
Mexico,MEX,GDP growth (annual %),NY.GDP.MKTP.KD.ZG,6.185078931,2.755030393,5.029283994,-0.450845253,-0.236588002,1.185544867,3.565441026,2.113247115,4.805013517,2.07786394,0.943331873,-6.295250567,4.971334578,3.444045063,3.553210755,0.85210155,2.503763499,2.702323448,1.772493234,1.871728542,1.972082077,-0.392690505,-8.354034566,6.048483457,3.710988931,3.295390957,1.454062478
Marshall Islands,MHL,GDP growth (annual %),NY.GDP.MKTP.KD.ZG,-0.674095985,-1.334721578,2.454430069,6.930044462,3.63579015,-1.561675105,-0.408355471,1.791044776,0.175953079,3.68852459,-7.566346697,3.665241295,5.5391868,-0.502512563,-1.290684624,3.808982376,-1.25958379,1.885745979,2.504082744,3.558151885,5.487179487,10.45211473,-2.772887324,1.222272522,-1.118067979,-3.934871099,2.770968022
Middle income,MIC,GDP growth (annual %),NY.GDP.MKTP.KD.ZG,3.317866327,3.69192678,5.624189325,3.637641705,4.789725493,5.940654286,7.715478797,7.389233948,8.269568433,8.900287478,5.956625759,4.029844967,8.189935085,6.479921963,5.658108259,5.668846533,5.225336921,4.805707135,4.79328224,5.365862378,5.038087593,4.145015186,-1.057606428,7.489763899,3.962784017,4.8756831,4.355499495
North Macedonia,MKD,GDP growth (annual %),NY.GDP.MKTP.KD.ZG,3.378735647,4.339027913,4.549135783,-3.067256625,1.493665472,2.222601657,4.67408958,4.724088642,5.137025162,6.473486858,5.47200139,-0.358614857,3.358750858,2.339886045,-0.456183224,2.925257665,3.629123513,3.85586514,2.848205194,1.081772738,2.88059671,3.910419538,-4.68845001,4.51067949,2.758884153,2.072542088,2.756249173
Mali,MLI,GDP growth (annual %),NY.GDP.MKTP.KD.ZG,7.57166764,5.700943654,-0.060834972,15.37623946,3.106308252,9.119041995,1.559998661,7.504684635,6.654261122,3.875028163,6.537353952,4.633509848,6.921721886,4.019135255,-0.570588589,2.382125954,7.60253469,5.974716101,6.005063086,5.375547696,4.867849999,4.999999117,-1.16907501,3.100941244,3.50828279,4.71716104,5.004545937
Malta,MLT,GDP growth (annual %),NY.GDP.MKTP.KD.ZG,5.125600972,4.719975952,19.68126926,-0.756672627,2.741120139,3.69426131,0.407159748,2.880671273,2.336122734,5.036663951,4.410126225,-1.395342555,6.197345169,0.991963675,4.102590303,6.291715744,7.631129375,9.621097562,4.077719295,12.97211934,7.189096537,4.084706028,-3.358342532,13.29978932,4.26931853,6.796313111,5.969281961
Myanmar,MMR,GDP growth (annual %),NY.GDP.MKTP.KD.ZG,5.866213153,10.94512998,13.74593056,11.34399707,12.02551343,13.84399689,13.56466162,13.56895002,13.07610138,11.99143524,10.25530539,10.5500091,9.634439452,5.591482378,7.332670447,8.426001025,8.169907456,6.99284029,5.862472915,6.136108244,6.268862215,6.579110068,-9.04834718,-12.01637248,4.037493436,0.958446625,-0.972046414
"Middle East, North Africa, Afghanistan & Pakistan (excluding high income)",MNA,GDP growth (annual %),NY.GDP.MKTP.KD.ZG,5.419688891,4.214265204,5.749205411,2.836137083,3.190849997,2.801479728,7.701096359,4.950824751,5.400408987,5.817497599,3.463283637,2.830779632,4.830406545,-0.375513504,3.556024414,1.117539688,2.396325135,1.112090355,5.566940502,3.339703325,2.554068461,1.219077449,-2.86087725,4.468192981,4.179182938,2.838367183,1.965873987
Montenegro,MNE,GDP growth (annual %),NY.GDP.MKTP.KD.ZG,4.900005846,-9.399998124,3.100000059,1.099838709,1.903936733,2.482659229,4.426050717,4.180604509,8.56641803,6.810150125,7.222752592,-5.795096995,2.734331082,3.228451021,-2.723790771,3.548979912,1.783698581,3.390381397,2.949280321,4.716465276,5.077888811,4.062944992,-15.30689376,13.04346425,6.406680329,6.337697542,3.040315798
Mongolia,MNG,GDP growth (annual %),NY.GDP.MKTP.KD.ZG,3.339936599,3.070369011,1.146062137,2.952710543,4.732978466,7.004634574,10.62540596,7.253665438,8.556234817,10.24801636,8.900367941,-1.268598936,6.365161679,17.29077759,12.31981985,11.64891619,7.885225482,2.379835807,1.489784487,5.636876387,7.74488062,5.602244221,-4.557751976,1.636769577,5.032709637,7.422112762,4.864001434
Northern Mariana Islands,MNP,GDP growth (annual %),NY.GDP.MKTP.KD.ZG,,,,,,0.343170899,-3.077975376,-12.70289344,-6.871463217,-6.684027778,-11.06976744,-17.57322176,1.395939086,-7.384230288,0.810810811,2.680965147,4.177545692,3.383458647,29.21212121,23.17073171,-19.49733435,-11.4474929,-29.05982906,4.969879518,16.64275466,,
Mozambique,MOZ,GDP growth (annual %),NY.GDP.MKTP.KD.ZG,10.3692325,11.81698653,0.766234956,12.85168202,9.668505347,7.217700866,8.204704948,6.31202378,9.910677568,7.649353938,6.878029426,5.928971875,6.679729357,7.134058423,7.994503161,6.571413897,7.702568448,7.393093699,4.696990242,2.638207373,3.484932024,2.317813948,-1.2195225,2.377435728,4.364450744,5.436859123,1.851775025
Mauritania,MRT,GDP growth (annual %),NY.GDP.MKTP.KD.ZG,2.777804797,3.673178313,-3.918025852,-0.79949383,1.38148396,6.928269576,4.732757875,8.56628732,18.33319869,-1.96942275,-0.331079223,0.097875914,2.620229481,4.172783278,4.470013192,4.15081319,4.274823288,5.376339241,1.260909231,6.270545669,4.772173657,3.141004893,-0.360657384,0.742715395,6.796005102,6.507187199,5.2
Mauritius,MUS,GDP growth (annual %),NY.GDP.MKTP.KD.ZG,6.071940178,2.610932344,8.202791749,3.347540727,1.614918659,5.925445489,4.330019855,1.77754302,4.865544608,5.72701616,5.386962542,3.315076998,4.377203223,4.077538066,3.496118365,3.3604061,3.82696982,3.690556904,3.862468263,3.937983806,4.006740572,2.891284993,-14.54653815,3.403798662,8.693066753,5.007813818,4.693903184
Malawi,MWI,GDP growth (annual %),NY.GDP.MKTP.KD.ZG,3.895253503,3.042278137,1.576077626,-4.974963619,1.700000031,5.705639405,5.42049755,3.268726023,4.699999764,9.599999877,7.639736399,8.328109852,6.874065854,4.932669998,1.900000001,5.410349998,5.625270001,2.8,2.499999999,4.000000001,4.353564716,5.716825192,0.79359643,4.55829212,0.921115069,1.892457988,1.82685
Malaysia,MYS,GDP growth (annual %),NY.GDP.MKTP.KD.ZG,-7.359415188,6.137612011,8.85886817,0.517675319,5.390988307,5.788499286,6.783437724,5.332139161,5.584847067,6.298785927,4.831769889,-1.513528716,7.424847383,5.293912834,5.473454193,4.693722526,6.006721946,5.091532422,4.449781398,5.81272241,4.843086976,4.413187421,-5.456846584,3.315349544,8.861821876,3.555487154,5.114155478
North America,NAC,GDP growth (annual %),NY.GDP.MKTP.KD.ZG,4.437091259,4.815017415,4.161970419,1.030222537,1.801247405,2.717038659,3.787375451,3.461283231,2.774314634,2.008083049,0.181624377,-2.604607641,2.723959167,1.686211321,2.243378594,2.133496885,2.549447136,2.76110456,1.757413592,2.502844961,2.947893142,2.530365863,-2.387608409,6.046729566,2.640006331,2.784140411,2.700069253
Namibia,NAM,GDP growth (annual %),NY.GDP.MKTP.KD.ZG,3.291585621,3.369278424,3.492183364,1.177948695,4.788661219,4.239794296,12.2695481,2.529262658,7.073175318,5.374044152,2.649812038,0.295970914,6.03924948,5.091338139,5.06168207,5.614719623,6.09251916,4.264174538,0.03379445,-1.027248089,1.059939499,-0.839152163,-8.101402014,3.603829192,5.398724762,4.442806038,3.711544974
New Caledonia,NCL,GDP growth (annual %),NY.GDP.MKTP.KD.ZG,-3.200275527,0.900172519,2.100108827,,,,,,,,,,,,,,,,,,3.995707282,-1.400000002,-2.400000001,-2.099999998,3.499999996,,
Niger,NER,GDP growth (annual %),NY.GDP.MKTP.KD.ZG,9.972614956,-0.219562518,-1.208477741,7.268134902,4.918470576,2.170610384,0.363801579,7.331868843,5.931049974,3.142724084,7.731414228,1.962600907,8.578166743,2.357756936,10.54894458,5.315130634,6.642136655,4.392648832,5.740893151,5.005360786,7.211418028,5.939852571,3.550641094,1.383596362,11.9,1.667634065,8.421597895
Nigeria,NGA,GDP growth (annual %),NY.GDP.MKTP.KD.ZG,2.581254102,0.584126893,5.015934759,5.917684649,15.32915574,7.347194968,9.250558229,6.438516525,6.059428032,6.591130361,6.764472778,8.036925101,8.005655916,5.307924203,4.230061175,6.671335393,6.309718655,2.652693295,-1.616868949,0.805886619,1.922757342,2.208429277,-1.794253083,3.647186541,3.251681408,2.860214991,3.426439471
Nicaragua,NIC,GDP growth (annual %),NY.GDP.MKTP.KD.ZG,3.711681464,7.035970464,4.101590251,2.960843491,0.753938876,2.520732896,5.31217057,4.282398338,4.152945598,5.076352018,3.435716936,-3.292665159,4.410099117,6.316685535,6.496136471,4.927094134,4.785460136,4.792267683,4.563147395,4.631207576,-3.36335666,-2.896869867,-2.236541763,10.45438948,3.550299456,4.427743848,3.587830229
Netherlands,NLD,GDP growth (annual %),NY.GDP.MKTP.KD.ZG,4.647784625,5.043321364,4.219753776,2.323575708,0.245785659,0.097832364,2.016309962,2.033963362,3.537375097,3.885306448,2.116815936,-3.665290491,1.319320323,1.773345163,-0.977876878,-0.03023256,1.612610013,2.120605239,2.42428573,2.781546193,2.258740374,2.300091579,-3.867953338,6.276830671,5.007234552,0.074560835,0.979674922
Norway,NOR,GDP growth (annual %),NY.GDP.MKTP.KD.ZG,2.66868661,2.072047169,3.318945701,2.067130435,1.377557022,0.944909363,4.014588024,2.685122903,2.461473116,2.914040007,0.48191955,-1.940364726,0.787051861,1.105656034,2.717959249,1.01619084,2.048132004,1.857339716,1.164724239,2.463746266,0.828931501,1.12374695,-1.278171772,3.908686768,3.246228603,0.072120481,2.100453278
Nepal,NPL,GDP growth (annual %),NY.GDP.MKTP.KD.ZG,3.016389475,4.41257328,6.199999982,4.799892143,0.120143177,3.945037761,4.682603252,3.479181048,3.364614781,3.41156028,6.104639144,4.533078725,4.816414647,3.421808701,4.670141924,3.525153171,6.011482843,3.976053272,0.433113719,8.977279356,7.622376104,6.657055431,-2.369620629,4.838149614,5.631314557,1.982548436,3.665374307
Nauru,NRU,GDP growth (annual %),NY.GDP.MKTP.KD.ZG,-11.78797544,-6.568209993,-6.856193465,-6.76108887,-9.971383553,0.284656862,-4.314826505,-0.355648874,8.328760806,-22.18530498,20.38090759,-5.6519328,-0.159976911,14.39463342,25.2793205,3.647740417,16.42333564,2.698017274,4.363240539,-6.011229987,-1.219122015,8.486736592,1.981819494,7.206594666,2.951518346,0.646410335,1.760251622
New Zealand,NZL,GDP growth (annual %),NY.GDP.MKTP.KD.ZG,0.858406352,5.377728908,2.870051088,3.410993122,4.713477671,4.728042049,4.08796484,3.352927604,2.779780591,3.05641639,-1.017038469,-0.037466112,1.458636349,2.093496217,2.366306647,2.58954199,3.826384918,3.690369084,3.779110684,3.378732195,3.470582039,2.31747144,-0.307246896,4.535405657,3.496386865,1.394251816,-0.126462419
OECD members,OED,GDP growth (annual %),NY.GDP.MKTP.KD.ZG,3.025370337,3.441362078,4.104083148,1.412325229,1.535308453,2.041084915,3.268099963,2.837366502,3.048151106,2.593944882,0.379340835,-3.386537668,2.954246515,1.895796084,1.370194479,1.61727497,2.182972021,2.517546352,1.843324478,2.570991032,2.337922851,1.858012493,-3.902176972,5.957089674,3.053474768,1.823307159,1.784524088
Oman,OMN,GDP growth (annual %),NY.GDP.MKTP.KD.ZG,-0.067874093,0.297595696,6.192410637,4.613166494,-0.784165786,-2.19466568,1.99251511,2.779443603,4.669814819,4.980654671,8.95005895,5.981966949,2.471998566,2.894609735,8.863122256,5.227704081,1.292252294,5.017057997,5.046423946,0.304057566,1.287103915,-1.128638017,-3.379720527,2.582174989,7.985707284,1.187134896,1.67407663
Other small states,OSS,GDP growth (annual %),NY.GDP.MKTP.KD.ZG,3.461722304,2.600391231,7.420403449,3.177021703,3.502664227,4.239748983,4.461940327,4.444082616,6.319446952,5.400650749,0.958919382,-5.003885973,2.398982515,3.382919222,1.234513273,0.944505392,2.038520315,3.492773469,4.155151361,5.165118416,4.418847455,4.337806104,-5.797193478,7.740056167,4.619974866,2.684422431,2.935138727
Pakistan,PAK,GDP growth (annual %),NY.GDP.MKTP.KD.ZG,2.550234298,3.660132739,4.260088011,3.651350171,2.594816684,5.401310873,7.83125557,7.276574436,6.051637676,4.44481434,2.120441043,3.472550596,1.501717522,2.680116854,3.027583911,4.36686505,4.116428172,4.217942096,6.573838285,4.432625907,6.151702611,2.497636929,-1.274087443,6.513885759,4.778106869,-0.039838972,3.234784432
Panama,PAN,GDP growth (annual %),NY.GDP.MKTP.KD.ZG,8.387472125,5.211645846,4.209005479,0.94990815,2.508843727,5.096860305,8.17565334,8.276183345,9.857238706,13.15306538,10.19743259,1.61186406,6.073393531,11.90887722,9.627293464,6.324353887,4.625813756,5.266917196,4.571967079,5.744059464,3.918198074,3.103067886,-17.82122997,16.46712492,10.76966587,7.399301556,2.861666635
Peru,PER,GDP growth (annual %),NY.GDP.MKTP.KD.ZG,-0.391537556,1.494910643,2.694371398,0.617892326,5.453528938,4.165023137,4.958203206,6.285060325,7.528899044,8.518387769,9.126568301,1.095823659,8.332459107,6.327192402,6.139724706,5.852518211,2.382157372,3.252244772,3.953318715,2.518835442,3.969351341,2.240631769,-10.9333065,13.36262409,2.809033553,-0.403242151,3.303940982
Philippines,PHL,GDP growth (annual %),NY.GDP.MKTP.KD.ZG,-0.5140906,3.346451184,4.382505001,3.049231345,3.716255002,5.086911135,6.569228512,4.942505119,5.316416821,6.51929155,4.344487305,1.448323063,7.33449996,3.858232828,6.896951711,6.750531301,6.347987483,6.348309717,7.14945675,6.930988326,6.341485572,6.118525662,-9.51829474,5.714733132,7.580982128,5.518949679,5.692016128
Palau,PLW,GDP growth (annual %),NY.GDP.MKTP.KD.ZG,1.999985297,-5.400008422,-2.603902465,6.50043519,5.01614795,-3.223277068,3.939023926,3.4139654,-0.123719892,1.754031015,-5.493976659,-7.260576012,-0.89589586,5.118280225,1.253412417,-3.036226881,4.769999433,8.19997983,-0.439989268,-3.260018455,0.11000834,0.200015069,-5.999433925,-13.79389322,-1.318427167,1.877031984,
Papua New Guinea,PNG,GDP growth (annual %),NY.GDP.MKTP.KD.ZG,-3.769113218,1.855553994,-2.494841993,-0.121288606,-0.158900533,2.164102502,2.721175741,6.344795923,5.409944091,7.815189229,-0.296457846,6.800421483,10.12845407,1.107543626,4.657119597,3.824946328,13.54377062,6.578356323,5.489573153,3.534610818,-0.279252285,4.480514569,-3.167432044,-0.511353419,5.707584042,3.810886229,4.095029002
Poland,POL,GDP growth (annual %),NY.GDP.MKTP.KD.ZG,4.621611338,4.699184792,4.65633253,1.233744644,1.90119438,3.523371172,5.090795464,3.260822747,6.202107109,6.760447853,4.383770693,2.615128593,3.168927483,5.255462566,1.511781676,0.684240607,3.920508624,4.431767003,3.031177676,5.152457733,6.245858472,4.580458173,-2.035568824,6.927182661,5.255456974,0.249610834,2.923388081
Pre-demographic dividend,PRE,GDP growth (annual %),NY.GDP.MKTP.KD.ZG,6.97249853,4.243375533,5.53479964,4.333848978,5.962864055,-0.660694416,12.01063324,6.020936456,6.206125996,6.046484395,6.382982569,4.842905184,6.600985866,4.355226999,4.259241675,5.884110331,5.256180454,3.073844829,2.414147048,1.648049676,2.62073084,3.341231436,-2.535408553,3.187320497,4.298579278,2.285368839,3.099732872
Puerto Rico (US),PRI,GDP growth (annual %),NY.GDP.MKTP.KD.ZG,5.530725636,5.389699901,3.271964519,6.313471577,0.916459423,0.053419802,8.748676901,-1.986938718,-1.409414057,-1.162806656,-1.844134218,-1.952425184,-0.413254119,-0.358510637,0.02927515,-0.306826667,-1.190363473,-1.049290032,-1.263694348,-2.885218384,-4.361427032,1.675463795,-4.180874309,0.38522272,2.957095655,0.498101252,3.226705422
"Korea, Dem. People's Rep.",PRK,GDP growth (annual %),NY.GDP.MKTP.KD.ZG,,,,,,,,,,,,,,,,,,,,,,,,,,,
Portugal,PRT,GDP growth (annual %),NY.GDP.MKTP.KD.ZG,4.807963161,3.906577774,3.81617712,1.943672124,0.770924777,-0.93052104,1.78873552,0.781847565,1.625035321,2.506579365,0.319247343,-3.12207826,1.737624528,-1.713527451,-4.050902656,-0.984106569,0.741391417,1.589798029,2.004141286,3.314720564,2.94628244,2.745684796,-8.204632012,5.558757716,6.985841781,2.613128544,1.92844406
Paraguay,PRY,GDP growth (annual %),NY.GDP.MKTP.KD.ZG,0.068037756,-1.366079712,-2.314140568,-0.834054717,-0.021404395,4.320745486,4.057418364,2.133490665,4.807117193,5.421622872,6.49629212,-0.261137328,11.09523127,4.286371207,-0.708043112,8.293076489,5.301238592,2.957151735,4.268025833,4.810078856,3.204250341,-0.401855101,-0.819785391,4.016737318,0.176038366,4.999227911,4.249960105
West Bank and Gaza,PSE,GDP growth (annual %),NY.GDP.MKTP.KD.ZG,14.33410732,8.280591451,-8.555572684,-9.311081142,-12.48838218,14.01564768,21.92448612,11.29065118,-0.996556103,3.788281521,7.429182255,8.593490879,5.777362056,9.600808489,6.096456563,4.698569866,-0.157866651,3.721299671,8.86461882,1.419367563,1.227077378,1.362687466,-11.31846611,7.011982276,4.082760273,-4.555804285,-26.55752645
Pacific island small states,PSS,GDP growth (annual %),NY.GDP.MKTP.KD.ZG,1.421574985,4.254133718,-1.520937331,0.879146968,2.007022694,1.846251247,3.988742482,2.43078042,2.341130574,0.135257635,1.961261127,-0.580617843,3.735075796,3.843868607,1.012287469,3.223617065,3.566989307,4.008885312,3.648407727,3.871699983,2.76809486,1.153618841,-10.15092794,-2.688869231,9.374962278,5.054538148,4.001450985
Post-demographic dividend,PST,GDP growth (annual %),NY.GDP.MKTP.KD.ZG,2.830568825,3.544852476,4.046470549,1.529326957,1.525491566,2.026508933,3.21052092,2.785934385,2.941692466,2.540882849,0.348901299,-3.37890578,2.891979437,1.680874403,1.234451974,1.516688311,2.014314858,2.237148596,1.793578382,2.44254705,2.245419795,1.836391128,-4.07885321,5.679215797,2.735376629,1.860861592,1.792525296
French Polynesia,PYF,GDP growth (annual %),NY.GDP.MKTP.KD.ZG,1.7333744,1.890532787,3.245411013,-0.341595578,0.846181483,2.126928849,0.97125913,0.309973476,0.889584118,1.704975638,0.006767551,-4.231391831,-2.46606419,-2.961957454,-0.927537713,0.398801414,0.593554453,1.803340815,2.302198237,4.292633631,1.871231911,2.700012067,-7.050944221,2.094529907,4.4663797,2.996927078,
Qatar,QAT,GDP growth (annual %),NY.GDP.MKTP.KD.ZG,11.21865244,4.284064396,8.028125452,3.898186662,7.18215168,3.719958677,19.21891534,7.492758483,26.17024567,17.98565682,17.66355636,11.95656113,19.59233153,13.37517641,4.730011844,5.556040643,5.334323292,4.753345724,3.064191884,-1.497604702,1.234872202,0.688240955,-3.55760399,1.626846719,4.18500971,1.187159916,2.768414336
Romania,ROU,GDP growth (annual %),NY.GDP.MKTP.KD.ZG,-2.029812906,-0.376660706,2.461216469,5.218184512,5.70299165,2.341147329,10.42811302,4.668148051,8.028811076,7.233807744,9.307467171,-5.516706158,-3.905811573,4.495589099,1.903616968,0.278771877,4.116001093,3.157036054,2.859932523,8.195478266,6.120930007,3.92326385,-3.674384409,5.545709626,3.965307663,2.404271779,0.813687203
Russian Federation,RUS,GDP growth (annual %),NY.GDP.MKTP.KD.ZG,-5.299961627,6.399914691,10.00006681,5.100051226,4.699991909,7.299952345,7.19994787,6.399965448,8.200068255,8.499977769,5.199969264,-7.799993913,4.499999999,4.300029186,4.024086157,1.755422149,0.736267222,-1.972719226,0.193690071,1.825790064,2.807245411,2.198075713,-2.653654501,5.866491773,-1.435882139,4.082524813,4.344374755
Rwanda,RWA,GDP growth (annual %),NY.GDP.MKTP.KD.ZG,8.858669494,4.351888319,8.370895935,8.484560342,13.19207363,2.202387511,7.44766737,9.377899167,9.227075768,7.633298191,11.16124732,6.248257506,7.33465645,7.958388698,8.641508158,4.71984857,6.167166152,8.856855597,5.970745254,3.918170936,8.516467226,9.447385186,-3.373687464,10.85843202,8.161207209,8.24990302,8.890655296
South Asia,SAS,GDP growth (annual %),NY.GDP.MKTP.KD.ZG,5.985544534,8.208555283,4.08685651,4.573241989,3.771998001,7.465724565,7.546048816,7.644492218,7.89518423,7.53428173,3.480635775,7.389811841,8.194403518,5.451094032,5.645159156,6.23326513,7.245479867,7.689739352,7.969123336,6.78411966,6.393666325,4.094543065,-4.987501736,9.246599597,7.101153926,8.505117854,6.224842254
Saudi Arabia,SAU,GDP growth (annual %),NY.GDP.MKTP.KD.ZG,2.80381184,-0.633393641,4.718134221,0.344593196,-0.68839013,8.768733817,8.631005459,5.944896239,3.313484736,2.213653964,6.237987537,-1.066717112,5.039515082,11.75885681,5.761507324,2.945699907,4.024640706,4.655123167,1.704074658,1.182079933,3.22695089,1.651563589,-3.80476473,6.519596983,12.00058748,0.542592439,1.807955151
Sudan,SDN,GDP growth (annual %),NY.GDP.MKTP.KD.ZG,4.308504255,3.104095615,6.34586744,6.500360534,6.006471536,6.288808161,5.140888518,5.643515513,6.531411747,5.735274237,3.846744731,-2.767704366,3.858241952,-3.213532093,-17.0046884,1.955144633,4.661379542,1.910176891,3.467642184,0.709256285,-2.68093055,-2.178251045,-3.629800824,-1.868520483,-0.957816591,-29.43327183,-13.49329206
Senegal,SEN,GDP growth (annual %),NY.GDP.MKTP.KD.ZG,5.898479318,6.28330825,3.887210958,4.310851466,0.068696575,5.593950945,4.643293937,4.310238526,2.330770983,2.827119201,3.703169064,2.752104485,3.390889253,1.33409108,4.002995551,2.412385276,6.224074438,6.367043651,6.356068572,7.407486186,6.209241034,4.613628097,1.342073773,6.5440011,3.850431937,4.257430833,6.892007403
Singapore,SGP,GDP growth (annual %),NY.GDP.MKTP.KD.ZG,-2.191015006,5.718371757,9.038316326,-1.070862751,3.923360767,4.548255426,9.939982684,7.366322393,9.006766079,9.021519513,1.863483455,0.127953383,14.51974971,6.214934169,4.435497594,4.817630991,3.935540277,2.976799316,3.747578488,4.476899158,3.451975966,1.308041182,-3.814708855,9.756804463,4.108000219,1.821406941,4.388023625
Solomon Islands,SLB,GDP growth (annual %),NY.GDP.MKTP.KD.ZG,1.291512249,-0.485730728,-14.27699959,-7.9566061,-2.799982885,6.523466851,7.683299966,7.357841934,4.138280318,3.639672429,6.225969544,2.864267902,9.708388169,7.429949617,2.466001387,5.237740178,1.189217471,1.676146156,5.554731534,3.075348034,2.745995423,1.748566555,-3.381147541,2.564349754,2.402481436,2.656361867,2.539341917
Sierra Leone,SLE,GDP growth (annual %),NY.GDP.MKTP.KD.ZG,1.785012642,-1.979286672,6.652729835,-6.345455604,26.52413503,9.483631431,6.478845949,4.353499894,4.2831105,3.749758048,3.686059699,1.53080324,6.355665958,8.100655187,10.57833166,14.66332381,-7.815015125,-4.363332621,6.437436528,3.207860877,2.893856412,5.502709374,-1.253349032,5.896852705,5.313554614,5.710021898,4.000000026
El Salvador,SLV,GDP growth (annual %),NY.GDP.MKTP.KD.ZG,2.6522773,2.162033737,1.127906977,0.87961366,1.572918448,1.565393031,0.889404486,2.680830094,4.336998603,1.847602206,2.154402983,-2.108768376,2.154195367,3.773584998,2.887700102,2.182952325,1.729399842,2.400000089,2.539062411,2.247619081,2.412444224,2.437471591,-7.89310136,11.9047617,2.954615165,3.539156693,2.602020161
San Marino,SMR,GDP growth (annual %),NY.GDP.MKTP.KD.ZG,7.465618861,9.049360146,2.179379715,5.578342904,0.310800311,3.872966692,4.548844146,2.42510699,3.830083565,7.109322602,-0.500939261,-10.32095658,-5.473684211,-8.314773571,-7.044534413,-0.783972125,-0.7023705,2.291505561,2.344405861,0.258265466,1.493905318,2.065685147,-6.647910818,13.89778951,7.898441458,,
Somalia,SOM,GDP growth (annual %),NY.GDP.MKTP.KD.ZG,6.586493253,7.318295504,7.110314311,7.110314311,7.630267293,7.630267293,7.110314311,7.110314311,6.486370733,6.694351926,6.694351926,6.694351926,6.694351926,6.694351926,6.694351926,10.95929862,8.978005906,10.46218812,7.0348726,14.7357956,2.054315073,2.824313365,-2.752481039,3.458227929,2.727114296,4.216384326,3.972320809
Serbia,SRB,GDP growth (annual %),NY.GDP.MKTP.KD.ZG,5.342642155,-10.32550722,6.055092258,6.778519089,6.541048197,4.559689512,6.686867713,5.903497983,3.900663855,7.832071663,5.160892773,-3.142610465,1.610972661,0.054272479,-0.443956029,0.451578763,-1.804270248,1.295738512,2.975197792,2.363393787,4.649350355,4.750207939,-0.950023992,7.949056505,2.630986444,3.847471128,3.878012796
Sub-Saharan Africa (excluding high income),SSA,GDP growth (annual %),NY.GDP.MKTP.KD.ZG,2.643745665,2.128264468,3.410986123,4.116423341,6.479532843,4.228085286,6.518267616,5.922820191,5.927930022,6.017410849,5.055380429,2.993961767,5.831447391,4.249783741,3.1085069,4.917213151,4.603250471,2.68639942,0.929693026,2.201462185,2.584185215,2.418589163,-2.397348217,4.244484535,3.653276276,2.343970901,3.195649928
South Sudan,SSD,GDP growth (annual %),NY.GDP.MKTP.KD.ZG,,,,,,,,,,,,5.04164188,5.493416395,-4.640316736,-46.08212237,13.12973114,3.373648477,-10.79336463,,,,,,,,,
Sub-Saharan Africa,SSF,GDP growth (annual %),NY.GDP.MKTP.KD.ZG,2.510004587,2.190488252,3.468443896,4.199815144,6.361457243,4.079530398,6.652303063,6.052817545,6.042760849,6.149471385,5.191211216,3.13960255,6.013862909,4.4549147,3.279454824,5.098033852,4.795953335,2.968378222,1.266905416,2.512523346,2.774838975,2.696697023,-1.994293579,4.314825749,3.750658318,2.574661538,3.428437595
Small states,SST,GDP growth (annual %),NY.GDP.MKTP.KD.ZG,3.817510608,3.505013712,6.039852305,2.733951695,3.596691562,4.738418476,4.517857507,4.334197043,6.635987271,4.65711514,1.249059633,-4.274273991,2.291147622,2.565225285,2.258088335,1.22362827,2.281422702,2.317700258,1.812023074,3.271501679,3.39672635,3.195248759,-6.941072494,6.916227256,7.679198061,4.65816169,6.192074353
Sao Tome and Principe,STP,GDP growth (annual %),NY.GDP.MKTP.KD.ZG,2.499987903,2.500006256,0.448368262,3.064482958,3.360188168,8.291519461,3.537905944,6.61462475,8.866109359,3.641471852,6.22878507,3.302399666,1.448455229,1.999432103,2.942942774,5.119677354,4.906210487,1.539704283,5.176824687,4.112979663,4.378128083,2.014316721,2.624859495,1.899298913,0.168698492,0.372252775,0.900000599
Suriname,SUR,GDP growth (annual %),NY.GDP.MKTP.KD.ZG,2.300001651,-1.40000047,2.099998868,4.200000421,2.800000689,6.299999433,8.500000185,4.500000211,5.793543585,5.111487778,4.143406812,3.013698983,5.168825152,5.849367672,2.690349747,2.933441652,0.255503032,-3.413042681,-4.911660509,1.566037825,4.948271085,1.167589772,-15.97519171,-2.435385836,2.406222356,2.539566754,2.839586028
Slovak Republic,SVK,GDP growth (annual %),NY.GDP.MKTP.KD.ZG,3.826107736,-0.47326121,0.789224478,2.925160772,4.417253483,4.856698516,5.38949857,6.484932223,8.925687048,10.81862951,5.363377212,-5.50533791,6.790581591,2.562424732,1.569171047,0.703323545,2.707951514,5.176879097,1.947818415,2.874733275,4.062119819,2.2758991,-2.585512417,5.699592633,0.437359509,2.168149116,2.061677718
Slovenia,SVN,GDP growth (annual %),NY.GDP.MKTP.KD.ZG,3.063825958,5.268007004,3.497919421,2.828684794,3.282583714,3.195031172,4.546022144,3.854127711,5.9087813,7.139231291,3.372238661,-7.59058614,1.112137193,0.655438128,-2.91553782,-0.823776418,2.762833276,2.393306213,3.034414867,5.174402156,4.379083473,3.505253324,-4.085000949,8.389651582,2.699238745,2.112590985,1.591014799
Sweden,SWE,GDP growth (annual %),NY.GDP.MKTP.KD.ZG,4.245725366,4.201073633,4.631116004,1.360766925,2.277671131,1.880944118,4.179530408,2.79317686,4.675998703,3.224911324,-0.923123086,-4.255573745,5.750735839,3.163910497,-0.414465737,1.137716508,2.295763792,4.410140687,2.349740807,1.825156018,1.902964573,2.549647872,-2.005337522,5.937508589,1.4592885,-0.114161935,0.973832213
Eswatini,SWZ,GDP growth (annual %),NY.GDP.MKTP.KD.ZG,2.604039504,2.950875168,1.760173641,1.054765087,4.380098885,3.880213774,3.6239141,5.998776474,5.992166937,4.435375509,0.821663935,1.565048841,3.793755077,2.247229618,5.39663077,3.861213805,1.435897493,2.046930151,4.675845837,1.456792976,0.256586002,6.083176451,-2.862882137,3.434968912,1.119590668,3.444478312,2.640704616
Sint Maarten (Dutch part),SXM,GDP growth (annual %),NY.GDP.MKTP.KD.ZG,,,,,,,,,,,,,3.199992692,4.600003414,1.390544568,1.306731035,1.580382215,0.10581315,0.967758363,-7.535213999,-6.856982992,10.96500094,-13.31678872,4.577596779,9.800001111,3.8,3.5
Seychelles,SYC,GDP growth (annual %),NY.GDP.MKTP.KD.ZG,2.467440935,1.872005109,4.253198349,-2.271162886,1.212832903,-5.887128488,-2.850453977,9.005761737,9.406128557,8.876066456,-2.725946262,-2.479375947,4.505132043,9.509783352,3.110678494,1.253734962,4.063691812,8.914008875,12.11752725,6.954162188,4.939472723,5.514292074,-11.73986083,0.552281631,12.71046889,2.259253223,3.465680664
Syrian Arab Republic,SYR,GDP growth (annual %),NY.GDP.MKTP.KD.ZG,6.785304524,-3.553449871,0.675642589,1.047287102,3.954831927,7.204435053,6.902959435,6.215077835,5.046195556,5.674591777,4.476672736,5.912042793,5.191905841,2.850002844,-26.33901708,-26.30008766,-10.31033991,-4.179791613,-6.405590739,-0.723281777,1.393176078,1.220705221,-0.697154504,1.854215901,0.732781302,-1.207264203,
Turks and Caicos Islands,TCA,GDP growth (annual %),NY.GDP.MKTP.KD.ZG,,,,,,,,,,,8.271893125,-19.55024676,0.984924854,4.62049893,-2.666555621,1.070880496,8.711295808,11.31482939,7.251186276,-2.490222604,91.13703887,4.981705494,-33.81709734,29.62937817,14.08712342,13.73114811,5.636825174
Chad,TCD,GDP growth (annual %),NY.GDP.MKTP.KD.ZG,6.951579914,-0.682850217,-0.879681025,11.65813465,8.491209819,14.72166701,33.62937185,17.33253374,-0.521522265,4.356212114,3.108362216,-1.338484366,13.79438893,4.5535904,9.052680251,2.807351887,2.062980971,3.310885674,-4.129928372,-1.627993671,5.741115808,5.388656469,-0.408894363,0.293979163,12.89661643,4.117451792,3.654451105
East Asia & Pacific (IDA & IBRD countries),TEA,GDP growth (annual %),NY.GDP.MKTP.KD.ZG,3.003207275,6.450175372,7.727841165,6.980343376,8.154715045,9.023172708,9.148728005,10.0489607,11.06976608,12.45101867,8.648363635,8.015448191,9.897594919,8.584744969,7.579076921,7.317276451,7.022988916,6.661433801,6.509920702,6.666422263,6.537036066,5.885713247,1.345178138,7.719486073,3.545315885,5.254717635,4.962607116
Europe & Central Asia (IDA & IBRD countries),TEC,GDP growth (annual %),NY.GDP.MKTP.KD.ZG,-0.601381428,2.439997013,7.36998831,2.595026466,4.993957639,6.181334976,7.847599456,6.612929862,7.844828478,7.615736267,4.470854669,-4.688914887,4.661662125,5.89851175,3.448314214,3.342416781,2.341986983,1.486926666,1.86009301,4.293525805,3.732052017,2.698036798,-1.461610846,7.480577145,1.947473937,3.841757011,3.673075862
Togo,TGO,GDP growth (annual %),NY.GDP.MKTP.KD.ZG,-2.29987657,2.481751438,-0.78347961,0.823438752,3.826622577,6.720171423,-0.978665333,-4.666299384,2.650132099,-1.175120392,4.035645276,5.453823993,5.854352694,5.823252237,6.302695421,5.824265832,5.633240218,5.468031293,4.214895609,4.008133262,4.79506027,4.922925917,1.992155019,5.990876104,5.759542515,6.407922156,5.300005314
Thailand,THA,GDP growth (annual %),NY.GDP.MKTP.KD.ZG,-7.634035286,4.572307751,4.455247043,3.44424901,6.149036052,7.189243303,6.289342143,4.187638429,4.967810892,5.435151691,1.725698849,-0.690618232,7.513390533,0.840132083,7.242796202,2.687495563,0.984468864,3.134047249,3.435157717,4.177681032,4.222870287,2.114557796,-6.050038469,1.552166084,2.580378747,2.017750953,2.525961758
Tajikistan,TJK,GDP growth (annual %),NY.GDP.MKTP.KD.ZG,5.312867659,3.699550717,8.324324495,9.580836178,10.80000376,10.99999908,10.29999894,6.699998517,7.000003211,7.800000119,7.899998272,3.900001148,6.499999086,7.4000006,7.499999463,7.399999747,6.70000069,6.019303318,6.9,7.100000419,7.59999889,7.400000163,4.400001116,9.39999955,8.000000338,8.299999217,8.39999981
Turkmenistan,TKM,GDP growth (annual %),NY.GDP.MKTP.KD.ZG,7.100000344,16.4999995,5.469064133,4.343845714,0.257179925,3.26882856,5.000407438,13.03403487,10.97330833,11.05929947,14.7,6.100000115,9.199999988,14.69999993,11.09999996,10.2000001,10.29999997,6.49999991,6.199999966,6.500000047,6.199999941,6.300000042,5.900000049,6.200000017,6.199999936,6.300157585,2.264117227
Latin America & the Caribbean (IDA & IBRD countries),TLA,GDP growth (annual %),NY.GDP.MKTP.KD.ZG,2.944532694,0.455925404,3.593260803,0.227383088,0.430624382,2.539772533,5.349846703,4.034524835,5.247374041,5.359211756,3.814267578,-2.325689822,6.679545711,4.576518645,2.63874617,2.84851849,1.394390038,0.361452946,-0.337830169,1.982244762,1.676508705,0.678258288,-6.52902364,7.28007816,4.000251756,2.338613193,2.244106075
Timor-Leste,TLS,GDP growth (annual %),NY.GDP.MKTP.KD.ZG,-1.999996157,-35.45243123,58.07809593,16.35138092,-6.703651824,-2.182264132,0.400003981,2.984579638,-4.116092689,10.26538845,11.39480483,10.14695442,9.331511766,5.958539712,4.860621868,3.104366832,4.472498466,2.480040402,3.009930626,-3.182415225,0.000114755,23.41201358,31.96191857,5.315538537,-20.54158475,-18.12479096,-2.189121556
"Middle East, North Africa, Afghanistan & Pakistan (IDA & IBRD)",TMN,GDP growth (annual %),NY.GDP.MKTP.KD.ZG,5.358254081,4.183854185,5.860393961,2.917222819,3.283077104,2.745589305,7.622432595,4.911102202,5.442926804,5.830161226,3.439011373,2.794149924,4.824047798,-0.443113124,3.537073776,1.090166258,2.416521343,1.091977716,5.540859775,3.355369202,2.564691124,1.217942833,-2.793961031,4.449831577,4.179896002,2.892997514,2.161357134
Tonga,TON,GDP growth (annual %),NY.GDP.MKTP.KD.ZG,2.292576504,2.302462598,3.75409745,1.492481255,4.429223599,0.051805445,-1.967947403,-0.657650703,-2.165663427,-2.464307791,4.862841324,-5.129178192,0.824396914,6.703697462,0.919761025,0.39392253,1.990537699,1.113744024,6.598698794,3.202319762,0.687546507,-0.208433391,1.783395899,0.362604273,-2.309864445,2.084155836,
South Asia (IDA & IBRD),TSA,GDP growth (annual %),NY.GDP.MKTP.KD.ZG,5.985544534,8.208555283,4.08685651,4.573241989,3.771998001,7.465724565,7.546048816,7.644492218,7.89518423,7.53428173,3.480635775,7.389811841,8.194403518,5.451094032,5.645159156,6.23326513,7.245479867,7.689739352,7.969123336,6.78411966,6.393666325,4.094543065,-4.987501736,9.246599597,7.101153926,8.505117854,6.224842254
Sub-Saharan Africa (IDA & IBRD countries),TSS,GDP growth (annual %),NY.GDP.MKTP.KD.ZG,2.510004587,2.190488252,3.468443896,4.199815144,6.361457243,4.079530398,6.652303063,6.052817545,6.042760849,6.149471385,5.191211216,3.13960255,6.013862909,4.4549147,3.279454824,5.098033852,4.795953335,2.968378222,1.266905416,2.512523346,2.774838975,2.696697023,-1.994293579,4.314825749,3.750658318,2.574661538,3.428437595
Trinidad and Tobago,TTO,GDP growth (annual %),NY.GDP.MKTP.KD.ZG,8.124563997,8.024817644,6.901359591,4.168523982,7.936709687,14.44098954,7.950051511,6.20893788,13.20805861,4.754209701,3.391737078,-4.391729247,3.32322471,-0.294354409,6.710083663,3.344606475,3.695365151,-0.564816953,-7.403453266,-4.818588907,-0.985525083,0.471813384,-8.90279446,-0.911992867,1.08222234,1.427113398,1.650603346
Tunisia,TUN,GDP growth (annual %),NY.GDP.MKTP.KD.ZG,4.783762478,6.054634479,4.709972914,3.796271662,1.322557148,4.702399533,6.235790722,3.486545543,5.244099832,6.709520975,4.237781475,3.043450124,2.971132751,-2.046633895,4.216677115,2.429930964,3.090328031,0.967703108,1.117425949,2.23783868,2.624930109,1.587846655,-9.011934124,4.736320748,2.673318218,0.039156567,1.350652535
Turkiye,TUR,GDP growth (annual %),NY.GDP.MKTP.KD.ZG,2.404150257,-3.263168406,6.933239705,-5.750006555,6.447722047,5.763206067,9.795936389,8.992304936,6.947988086,5.043507932,0.815024573,-4.823153953,8.427104323,11.20011058,4.788492711,8.485816997,4.939715161,6.084486904,3.323084208,7.501997489,3.013170393,0.818514527,1.85987304,11.43939569,5.533427875,5.111168185,3.184024355
Tuvalu,TUV,GDP growth (annual %),NY.GDP.MKTP.KD.ZG,15.50116613,-1.563870824,-0.970489206,0,9.523809524,-4.347826087,-2.272727273,-4.651162791,2.43902439,7.142857143,6.666666667,-6.25,-2.222222222,6.818181818,-2.127659574,4.347826087,0,10.41666667,5.660377358,2.448392857,1.387283842,13.82209844,-4.274932069,1.804135911,0.677309361,3.852809195,
Tanzania,TZA,GDP growth (annual %),NY.GDP.MKTP.KD.ZG,3.708511599,4.863863754,4.520784636,6.070808287,7.093194984,6.672789831,7.503814659,7.47631926,6.532221388,6.768535203,5.686416859,5.269105249,6.336523427,7.672155435,4.50015356,6.781585601,6.732461868,6.160628774,6.867116196,6.762277168,5.468081815,5.8,1.991964606,4.321384295,4.566005764,5.069523532,5.526313831
Uganda,UGA,GDP growth (annual %),NY.GDP.MKTP.KD.ZG,4.905265485,8.053948377,3.141907338,5.183661125,8.732685764,6.473258672,6.807233344,6.332565116,10.78474439,8.412425966,8.708751902,6.801517349,5.637611637,9.391655493,3.837455606,3.586905826,5.106307325,5.18785986,4.781000293,3.131405517,6.303923783,6.438745033,2.951306422,3.536580341,4.588021922,5.336972955,6.136452018
Ukraine,UKR,GDP growth (annual %),NY.GDP.MKTP.KD.ZG,-1.900000002,-0.2,5.9,8.800000004,5.339647207,9.516609864,11.79535253,3.071230392,7.571420763,8.215844452,2.243491596,-15.13646791,4.092004367,5.44528081,0.152314967,0.045439094,-10.07889498,-9.772987213,2.440981945,2.359972281,3.48836234,3.199503864,-3.75281794,3.445620659,-28.75858422,5.534733547,2.913822215
Upper middle income,UMC,GDP growth (annual %),NY.GDP.MKTP.KD.ZG,2.997612484,3.242043778,6.015745719,3.448159774,4.865362124,5.939761119,7.884288873,7.575564088,8.619035225,9.430767511,6.310881068,3.541910573,8.53670087,6.919915102,5.779751604,5.666793114,5.001160212,4.521732277,4.564986245,5.343357417,4.935786497,4.164289727,-0.398382934,7.698365196,3.425056159,4.584982081,4.154262263
Uruguay,URY,GDP growth (annual %),NY.GDP.MKTP.KD.ZG,4.518890097,-1.52094592,-1.929930635,-3.844129959,-7.732007215,0.805283916,5.004160356,7.46013213,4.098577354,6.541510845,7.176144665,4.243494195,7.803409651,5.162133025,3.538178721,4.637538629,3.23879123,0.370741258,1.68979823,1.740376434,0.164777609,0.928351141,-7.357327065,5.844273126,4.486227031,0.742128785,3.108254781
United States,USA,GDP growth (annual %),NY.GDP.MKTP.KD.ZG,4.48313335,4.788425049,4.07758576,0.955538342,1.700447328,2.795605965,3.847771694,3.483549935,2.784539638,2.003858299,0.113587248,-2.576500232,2.695192582,1.564406855,2.289113386,2.117830098,2.523819814,2.945550456,1.819451476,2.457622302,2.966505069,2.58382533,-2.163029139,6.055052933,2.51237532,2.887556009,2.796190356
Uzbekistan,UZB,GDP growth (annual %),NY.GDP.MKTP.KD.ZG,4.300000001,4.300000002,3.835,4.16383825,3.973488192,4.232627382,7.449000606,6.950007196,7.451418476,9.473005305,9.029161018,8.050933327,7.597167961,7.525139894,7.102444887,7.29655037,6.873838441,7.218773508,5.9321508,4.395274633,5.559195729,6.779923997,1.563342773,8.034683126,6.001342322,6.291416351,6.5
St. Vincent and the Grenadines,VCT,GDP growth (annual %),NY.GDP.MKTP.KD.ZG,4.090194933,2.710310713,1.639031904,1.74823102,5.342127074,6.691336654,4.114698804,2.488557339,6.996926268,3.322968598,0.404640809,-1.378193606,-4.470467935,-0.606276651,1.169112184,2.462484172,1.250254369,2.783161194,4.145931682,1.448830634,3.175611442,0.668428481,-4.268924344,2.093401245,3.110833003,5.326364721,4.061834901
"Venezuela, RB",VEN,GDP growth (annual %),NY.GDP.MKTP.KD.ZG,0.294055161,-5.970458146,3.686944167,3.394236108,-8.855647353,-7.75530005,18.28660669,10.3179138,9.872149109,8.753578808,5.277854124,-3.202302657,-1.488791251,4.176425359,5.625956975,1.343094036,-3.894386475,,,,,,,,,,
British Virgin Islands,VGB,GDP growth (annual %),NY.GDP.MKTP.KD.ZG,,,,,,,,,,,,,,,,,,,,,,,,,,,
Virgin Islands (U.S.),VIR,GDP growth (annual %),NY.GDP.MKTP.KD.ZG,,,,,,-0.396080884,3.285893679,3.485309017,3.504993147,4.010594022,1.218624955,-6.594788859,0.596383224,-8.204245554,-14.8125,-6.285155295,-1.774530271,-0.425079702,1.600853789,-0.735294118,1.878306878,2.908335497,-1.614938178,3.667607079,-1.311232063,,
Viet Nam,VNM,GDP growth (annual %),NY.GDP.MKTP.KD.ZG,5.764455458,4.773586883,6.787316405,6.192893312,6.320820992,6.899063491,7.536410609,7.547247729,6.977954811,7.129504486,5.661771209,5.39789754,6.423244822,6.413168897,5.504544704,5.55351081,6.422243121,6.987154306,6.690008927,6.940190374,7.465006856,7.359262701,2.865413209,2.553728526,8.537500468,5.065023915,7.091187466
Vanuatu,VUT,GDP growth (annual %),NY.GDP.MKTP.KD.ZG,1.176854361,0.337293222,5.924809057,-3.397582489,-5.198318759,4.288335117,3.987392802,5.305326473,8.460697472,2.875892288,5.600991821,3.037303541,1.258867203,3.1398029,1.010047687,0.463390415,2.575040316,3.965919464,3.471544715,4.412665986,2.900230273,3.241187655,-4.992491429,-1.552294891,5.186228624,-0.964792282,3.967258306
World,WLD,GDP growth (annual %),NY.GDP.MKTP.KD.ZG,2.851657777,3.596285046,4.542101988,2.040121835,2.331328373,3.109183391,4.4849971,4.038615261,4.471221167,4.385583222,2.073952726,-1.319598224,4.527147072,3.347310983,2.707281148,2.889022013,3.148623748,3.134515325,2.814360897,3.456341601,3.296091281,2.71004016,-2.849082347,6.419541277,3.359911383,2.943332731,2.863263026
Samoa,WSM,GDP growth (annual %),NY.GDP.MKTP.KD.ZG,2.194889718,2.185434374,5.093044692,7.390129062,5.651959199,5.212628926,3.087260238,6.639203613,2.132127147,0.48598255,3.556104674,-0.541677602,6.124719923,3.849077947,-3.732130209,0.107293276,0.659923769,3.850361817,7.983862878,1.4062824,-0.609647103,4.451858917,-3.108444011,-7.078830943,-5.3062909,9.20864924,9.422350442
Kosovo,XKX,GDP growth (annual %),NY.GDP.MKTP.KD.ZG,,,,,,,,,,,,5.034854138,4.93995096,6.319810229,1.712195959,5.340799119,3.348804784,5.916231283,5.571775047,4.825655653,3.406632271,4.75680057,-5.340275478,10.74565608,4.278498958,4.067627014,4.412738288
"Yemen, Rep.",YEM,GDP growth (annual %),NY.GDP.MKTP.KD.ZG,6.006694599,3.775530496,6.181915593,3.803645872,3.935231505,3.747398185,3.972696401,5.591748076,3.170409359,3.338427956,3.64756947,3.866229516,7.702307045,-12.7148969,2.392990203,4.823519081,-0.188690238,-27.99454624,-9.375123824,-5.071795643,0.752447592,,,,,,
South Africa,ZAF,GDP growth (annual %),NY.GDP.MKTP.KD.ZG,0.5,2.399999997,4.200000001,2.7,3.700374404,2.949075468,4.554559907,5.277051973,5.603806459,5.360474054,3.191043886,-1.538089135,3.039732881,3.168556279,2.396232385,2.485468008,1.413826452,1.321862237,0.664552308,1.157946952,1.556783847,0.259935577,-6.168917715,4.955032594,1.91147996,0.698485194,0.579853692
Zambia,ZMB,GDP growth (annual %),NY.GDP.MKTP.KD.ZG,-0.385746146,4.650189746,3.897322943,5.316868274,4.50601428,6.944973982,7.032395115,7.235599007,7.903694445,8.352436244,7.773895815,9.220348406,10.29822332,5.569252193,7.597381049,5.05753695,4.693283164,2.920375112,3.755100317,3.525862771,4.034493897,1.441306026,-2.785055065,6.234922047,5.211223604,5.367942855,4.043148299
Zimbabwe,ZWE,GDP growth (annual %),NY.GDP.MKTP.KD.ZG,2.885211796,-0.817821033,-3.059189749,1.439615396,-8.894023631,-16.99507473,-5.807538023,-5.711083707,-3.461495188,-3.653326835,-17.66894633,13.27207858,19.67540766,14.19391573,16.66542898,1.98948554,2.376985704,1.779853541,0.755794054,4.734411226,5.009921382,-6.332449751,-7.816932841,8.468039169,6.139176174,5.336770373,2.029484143
